; plot data from D:\repos\ControlDigitalAvanzado\6.altair_embed_code\state_feedback_5ms_80M.vsm @ Mon Nov 27 12:39:32 2023
0,0,0
0,0,0
0,0,0
0,0,0
0,0,0
0,0,0
0,0,0
0,0,0
0,0,0
0,0,0
0,0,0
0,0,0
0,0,0
0,0,0
0,0,0
0,0,0
0,0,0
0,0,0
0,0,0
0,0,0
0,0,0
0,0,0
0,0,0
0,0,0
0,0,0
0,0,0
0,0,0
0,0,0
0,0,0
0,0,0
0,0,0
0,0,0
0,0,0
0,0,0
0,0,0
0,0,0
0,0,0
0,0,0
0,0,0
0,0,0
0,0,0
0,0,0
0,0,0
0,0,0
0,0,0
0,0,0
0,0,0
0,0,0
0,0,0
0,0,0
0,0,0
0,0,0
0,0,0
0,0,0
0,0,0
0,0,0
0,0,0
0,0,0
0,0,0
0,0,0
0,0,0
0,0,0
0,0,0
0,0,0
0,0,0
0,0,0
0,0,0
0,0,0
0,0,0
0,0,0
0,0,0
0,0,0
0,0,0
0,0,0
0,0,0
0,0,0
0,0,0
0,0,0
0,0,0
0,0,0
0,0,0
0,0,0
0,0,0
0,0,0
0,0,0
0,0,0
0,0,0
0,0,0
0,0,0
0,0,0
0,0,0
0,0,0
0,0,0
0,0,0
0,0,0
0,0,0
0,0,0
0,0,0
0,0,0
0,0,0
0,0,0
0,0,0
0,0,0
0,0,0
0,0,0
0,0,0
0,0,0
0,0,0
0,0,0
0,0,0
0,0,0
0,0,0
0,0,0
0,0,0
0,0,0
0,0,0
0,0,0
0,0,0
0,0,0
0,0,0
0,0,0
0,0,0
0,0,0
0,0,0
0,0,0
0,0,0
0,0,0
0,0,0
0,0,0
0,0,0
0,0,0
0,0,0
0,0,0
0,0,0
0,0,0
0,0,0
0,0,0
0,0,0
0,0,0
0,0,0
0,0,0
0,0,0
0,0,0
0,0,0
0,0,0
0,0,0
0,0,0
0,0,0
0,0,0
0,0,0
0,0,0
0,0,0
0,0,0
0,0,0
0,0,0
0,0,0
0,0,0
0,0,0
0,0,0
0,0,0
0,0,0
0,0,0
0,0,0
0,0,0
0,0,0
0,0,0
0,0,0
0,0,0
0,0,0
0,0,0
0,0,0
0,0,0
0,0,0
0,0,0
0,0,0
0,0,0
0,0,0
0,0,0
0,0,0
0,0,0
0,0,0
0,0,0
0,0,0
0,0,0
0,0,0
0,0,0
0,0,0
0,0,0
0,0,0
0,0,0
0,0,0
0,0,0
0,0,0
0,0,0
0,0,0
0,0,0
0,0,0
0,0,0
0,0,0
0,0,0
0,0,0
0,0,0
0,0,0
0,0,0
0,0,0
0,0,0
0,0,0
0,0,0
0,0,0
0,0,0
0,0,0
0,0,0
0,0,0
0,0,0
0,0,0
0,0,0
0,0,0
0,0,0
0,0,0
0,0,0
0,0,0
0,0,0
0,0,0
0,0,0
0,0,0
0,0,0
0,0,0
0,0,0
0,0,0
0,0,0
0,0,0
0,0,0
0,0,0
0,0,0
0,0,0
0,0,0
0,0,0
0,0,0
0,0,0
0,0,0
0,0,0
0,0,0
0,0,0
0,0,0
0,0,0
0,0,0
0,0,0
0,0,0
0,0,0
0,0,0
0,0,0
0,0,0
0,0,0
0,0,0
0,0,0
0,0,0
0,0,0
0,0,0
0,0,0
0,0,0
0,0,0
0,0,0
0,0,0
0,0,0
0,0,0
0,0,0
0,0,0
0,0,0
0,0,0
0,0,0
0,0,0
0,0,0
0,0,0
0,0,0
0,0,0
0,0,0
0,0,0
0,0,0
0,0,0
0,0,0
0,0,0
0,0,0
0,0,0
0,0,0
0,0,0
0,0,0
0,0,0
0,0,0
0,0,0
0,0,0
0,0,0
0,0,0
0,0,0
0,0,0
0,0,0
0,0,0
0,0,0
0,0,0
0,0,0
0,0,0
0,0,0
0,0,0
0,0,0
0,0,0
0,0,0
0,0,0
0,0,0
0,0,0
0,0,0
0,0,0
0,0,0
0,0,0
0,0,0
0,0,0
0,0,0
0,0,0
0,0,0
0,0,0
0,0,0
0,0,0
0,0,0
0,0,0
0,0,0
0,0,0
0,0,0
0,0,0
0,0,0
0,0,0
0,0,0
0,0,0
0,0,0
0,0,0
0,0,0
0,0,0
0,0,0
0,0,0
0,0,0
0,0,0
0,0,0
0,0,0
0,0,0
0,0,0
0,0,0
0,0,0
0,0,0
0,0,0
0,0,0
0,0,0
0,0,0
0,0,0
0,0,0
0,0,0
0,0,0
0,0,0
0,0,0
0,0,0
0,0,0
0,0,0
0,0,0
0,0,0
0,0,0
0,0,0
0,0,0
0,0,0
0,0,0
0,0,0
0,0,0
0,0,0
0,0,0
0,0,0
0,0,0
0,0,0
0,0,0
0,0,0
0,0,0
0,0,0
0,0,0
0,0,0
0,0,0
0,0,0
0,0,0
0,0,0
0,0,0
0,0,0
0,0,0
0,0,0
0,0,0
0,0,0
0,0,0
0,0,0
0,0,0
0,0,0
0,0,0
0,0,0
0,0,0
0,0,0
0,0,0
0,0,0
0,0,0
0,0,0
50,0,0
50,0,0.304688
50,0.0625,0.539063
50,0.398438,0.507813
50,1.16016,0.234375
50,2.1875,0.0585938
50,3.13672,0.21875
50,3.98438,0.425781
50,4.92188,0.425781
50,6.0625,0.273438
50,7.32422,0.15625
50,8.52344,0.230469
50,9.64844,0.332031
50,10.7617,0.371094
50,11.9219,0.332031
50,13.1484,0.265625
50,14.3984,0.222656
50,15.5625,0.304688
50,16.7109,0.308594
50,17.8867,0.269531
50,19.0625,0.25
50,20.1992,0.269531
50,21.2734,0.320313
50,22.3477,0.308594
50,23.4727,0.234375
50,24.5977,0.199219
50,25.6602,0.238281
50,26.6719,0.269531
50,27.6719,0.261719
50,28.6602,0.253906
50,29.625,0.257813
50,30.5742,0.25
50,31.5117,0.242188
50,32.4375,0.230469
50,33.3242,0.246094
50,34.2109,0.222656
50,35.0977,0.195313
50,35.9727,0.179688
50,36.7852,0.21875
50,37.5625,0.242188
50,38.3125,0.253906
50,39.0625,0.238281
50,39.8125,0.21875
50,40.5859,0.164063
50,41.3359,0.160156
50,42.0234,0.203125
50,42.6719,0.226563
50,43.3242,0.214844
50,44,0.164063
50,44.6602,0.152344
50,45.2852,0.167969
50,45.8477,0.21875
50,46.4219,0.191406
50,47,0.171875
50,47.5352,0.195313
50,48.0742,0.179688
50,48.5859,0.191406
50,49.0625,0.21875
50,49.5742,0.164063
50,50.0977,0.125
50,50.5742,0.15625
50,51.0117,0.183594
50,51.4219,0.199219
50,51.8477,0.171875
50,52.3242,0.0976563
50,52.7969,0.0664063
50,53.2227,0.09375
50,53.6094,0.113281
50,53.9609,0.136719
50,54.2969,0.140625
50,54.5469,0.234375
50,54.7969,0.238281
50,55.1602,0.109375
50,55.5625,0.0429688
50,55.8984,0.0820313
50,56.1602,0.144531
50,56.375,0.199219
50,56.6094,0.171875
50,56.8867,0.121094
50,57.125,0.148438
50,57.3242,0.183594
50,57.5,0.210938
50,57.7617,0.105469
50,58.0859,0.0117188
50,58.3594,0.03125
50,58.5977,0.0507813
50,58.7969,0.0703125
50,58.9492,0.117188
50,59.0742,0.140625
50,59.1992,0.140625
50,59.3477,0.109375
50,59.5,0.101563
50,59.6367,0.105469
50,59.7852,0.078125
50,59.9219,0.0820313
50,60.0234,0.113281
50,60.0742,0.167969
50,60.1094,0.1875
50,60.1719,0.164063
50,60.25,0.152344
50,60.3242,0.148438
50,60.3477,0.203125
50,60.3867,0.195313
50,60.4492,0.167969
50,60.5234,0.148438
50,60.6094,0.125
50,60.6719,0.140625
50,60.7617,0.101563
50,60.8867,0.0429688
50,61.0234,0.00390625
50,61.1367,0.00390625
50,61.2227,0.0078125
50,61.2617,0.046875
50,61.2734,0.0664063
50,61.2734,0.0742188
50,61.2734,0.0703125
50,61.2734,0.0664063
50,61.2734,0.0625
50,61.2734,0.0585938
50,61.2734,0.0507813
50,61.2734,0.0429688
50,61.2734,0.0351563
50,61.2734,0.0273438
50,61.2734,0.0195313
50,61.2734,0.0078125
50,61.2734,0
50,61.2734,-0.0117188
50,61.2734,-0.0234375
50,61.2734,-0.0351563
50,61.2734,-0.0507813
50,61.2734,-0.0625
50,61.2734,-0.078125
50,61.2734,-0.0976563
50,61.2734,-0.113281
50,61.2734,-0.132813
50,61.2617,-0.136719
50,61.25,-0.152344
50,61.1992,-0.125
50,61.125,-0.101563
50,61.0742,-0.136719
50,61.0234,-0.144531
50,60.9727,-0.15625
50,60.9102,-0.152344
50,60.8477,-0.160156
50,60.7734,-0.152344
50,60.6719,-0.128906
50,60.5469,-0.0976563
50,60.3984,-0.0625
50,60.2227,-0.0195313
50,60.0469,-0.00390625
50,59.9102,-0.0273438
50,59.8242,-0.078125
50,59.7852,-0.140625
50,59.7734,-0.183594
50,59.7227,-0.160156
50,59.6367,-0.125
50,59.5352,-0.117188
50,59.4492,-0.128906
50,59.375,-0.148438
50,59.2852,-0.140625
50,59.1602,-0.101563
50,59.0352,-0.09375
50,58.9375,-0.121094
50,58.8359,-0.121094
50,58.75,-0.136719
50,58.6484,-0.125
50,58.5469,-0.125
50,58.4609,-0.140625
50,58.3594,-0.128906
50,58.25,-0.117188
50,58.1484,-0.128906
50,58.0469,-0.128906
50,57.9492,-0.128906
50,57.8477,-0.128906
50,57.7617,-0.144531
50,57.6992,-0.179688
50,57.625,-0.171875
50,57.5352,-0.164063
50,57.4219,-0.136719
50,57.2734,-0.0898438
50,57.0859,-0.0351563
50,56.8867,0
50,56.7109,-0.00390625
50,56.5859,-0.0429688
50,56.5117,-0.09375
50,56.4727,-0.144531
50,56.4375,-0.15625
50,56.3594,-0.125
50,56.2617,-0.0976563
50,56.1602,-0.09375
50,56.0859,-0.125
50,56.0117,-0.125
50,55.9102,-0.101563
50,55.8125,-0.0976563
50,55.7109,-0.09375
50,55.6094,-0.09375
50,55.5352,-0.117188
50,55.4609,-0.121094
50,55.3867,-0.125
50,55.2969,-0.109375
50,55.1992,-0.09375
50,55.125,-0.121094
50,55.0469,-0.125
50,54.9727,-0.125
50,54.9102,-0.140625
50,54.8594,-0.160156
50,54.7852,-0.136719
50,54.6992,-0.125
50,54.5625,-0.0625
50,54.4102,-0.0351563
50,54.2344,0.0078125
50,54.0859,0.00390625
50,53.9609,-0.00390625
50,53.9102,-0.0820313
50,53.8984,-0.128906
50,53.8984,-0.15625
50,53.875,-0.144531
50,53.8242,-0.125
50,53.7734,-0.128906
50,53.7344,-0.148438
50,53.7227,-0.1875
50,53.6875,-0.167969
50,53.625,-0.148438
50,53.5469,-0.132813
50,53.4844,-0.148438
50,53.4219,-0.148438
50,53.3594,-0.148438
50,53.2852,-0.136719
50,53.1875,-0.105469
50,53.0977,-0.109375
50,53.0352,-0.136719
50,52.9727,-0.136719
50,52.9219,-0.148438
50,52.8477,-0.121094
50,52.7617,-0.105469
50,52.6992,-0.128906
50,52.6602,-0.15625
50,52.6094,-0.144531
50,52.5469,-0.132813
50,52.4727,-0.117188
50,52.4219,-0.140625
50,52.375,-0.140625
50,52.3242,-0.144531
50,52.2617,-0.128906
50,52.1992,-0.125
50,52.1367,-0.125
50,52.0977,-0.152344
50,52.0469,-0.136719
50,51.9727,-0.109375
50,51.9219,-0.132813
50,51.8984,-0.160156
50,51.8477,-0.136719
50,51.8125,-0.148438
50,51.7734,-0.152344
50,51.75,-0.167969
50,51.7109,-0.160156
50,51.6602,-0.144531
50,51.6094,-0.144531
50,51.5625,-0.140625
50,51.5234,-0.15625
50,51.4844,-0.15625
50,51.4375,-0.140625
50,51.3594,-0.109375
50,51.2734,-0.0859375
50,51.1719,-0.0585938
50,51.0742,-0.0429688
50,50.9727,-0.0273438
50,50.9102,-0.0585938
50,50.8594,-0.0625
50,50.8359,-0.0898438
50,50.8242,-0.105469
50,50.8125,-0.109375
50,50.7969,-0.109375
50,50.7617,-0.0859375
50,50.7344,-0.0976563
50,50.7227,-0.113281
50,50.6992,-0.101563
50,50.6875,-0.113281
50,50.6719,-0.117188
50,50.6484,-0.105469
50,50.625,-0.105469
50,50.6094,-0.121094
50,50.5977,-0.121094
50,50.5859,-0.125
50,50.5742,-0.128906
50,50.5469,-0.113281
50,50.5117,-0.101563
50,50.5,-0.125
50,50.5,-0.144531
50,50.4844,-0.132813
50,50.4727,-0.136719
50,50.4375,-0.109375
50,50.4219,-0.132813
50,50.3984,-0.121094
50,50.3867,-0.132813
50,50.375,-0.136719
50,50.3359,-0.109375
50,50.3125,-0.117188
50,50.2852,-0.117188
50,50.2734,-0.128906
50,50.2617,-0.128906
50,50.2227,-0.101563
50,50.1992,-0.113281
50,50.1719,-0.109375
50,50.1484,-0.105469
50,50.1367,-0.121094
50,50.125,-0.121094
50,50.0977,-0.105469
50,50.0742,-0.101563
50,50.0352,-0.0859375
50,50.0234,-0.109375
50,50,-0.09375
50,50,-0.121094
50,49.9844,-0.109375
50,49.9609,-0.09375
50,49.9375,-0.0898438
50,49.9219,-0.0976563
50,49.9102,-0.0976563
50,49.9102,-0.113281
50,49.8984,-0.0976563
50,49.8867,-0.0976563
50,49.8867,-0.113281
50,49.875,-0.0976563
50,49.8594,-0.0976563
50,49.8594,-0.109375
50,49.8477,-0.0976563
50,49.8477,-0.113281
50,49.8359,-0.0976563
50,49.8242,-0.0976563
50,49.8242,-0.109375
50,49.8242,-0.109375
50,49.8242,-0.113281
50,49.7969,-0.0820313
50,49.7969,-0.109375
50,49.7969,-0.109375
50,49.7852,-0.0976563
50,49.7852,-0.109375
50,49.7852,-0.109375
50,49.7852,-0.109375
50,49.7734,-0.0976563
50,49.7734,-0.109375
50,49.7734,-0.109375
50,49.7734,-0.109375
50,49.7734,-0.113281
50,49.7734,-0.113281
50,49.7734,-0.113281
50,49.7734,-0.113281
50,49.7617,-0.101563
50,49.7617,-0.113281
50,49.7617,-0.113281
50,49.7617,-0.113281
50,49.7617,-0.113281
50,49.75,-0.101563
50,49.75,-0.113281
50,49.75,-0.113281
50,49.75,-0.113281
50,49.75,-0.113281
50,49.7344,-0.0976563
50,49.7344,-0.113281
50,49.7344,-0.113281
50,49.7344,-0.113281
50,49.7344,-0.113281
50,49.7344,-0.113281
50,49.7344,-0.113281
50,49.7344,-0.113281
50,49.7344,-0.113281
50,49.7344,-0.113281
50,49.7227,-0.0976563
50,49.7227,-0.109375
50,49.7227,-0.109375
50,49.7227,-0.109375
50,49.7227,-0.109375
50,49.7227,-0.109375
50,49.7227,-0.109375
50,49.7227,-0.109375
50,49.7227,-0.109375
50,49.7227,-0.109375
50,49.7227,-0.109375
50,49.7227,-0.109375
50,49.7227,-0.109375
50,49.7227,-0.109375
50,49.7227,-0.109375
50,49.7227,-0.109375
50,49.7227,-0.109375
50,49.7227,-0.109375
50,49.7227,-0.109375
50,49.7227,-0.109375
50,49.7227,-0.109375
50,49.7227,-0.105469
50,49.7227,-0.105469
50,49.7227,-0.105469
50,49.7227,-0.105469
50,49.7227,-0.105469
50,49.7227,-0.105469
50,49.7227,-0.105469
50,49.7227,-0.105469
50,49.7227,-0.105469
50,49.7227,-0.101563
50,49.7227,-0.101563
50,49.7227,-0.101563
50,49.7227,-0.101563
50,49.7227,-0.101563
50,49.7227,-0.101563
50,49.7227,-0.101563
50,49.7227,-0.0976563
50,49.7227,-0.0976563
50,49.7227,-0.0976563
50,49.7227,-0.0976563
50,49.7227,-0.0976563
50,49.7227,-0.0976563
50,49.7227,-0.09375
50,49.7227,-0.09375
50,49.7227,-0.09375
50,49.7227,-0.09375
50,49.7227,-0.09375
50,49.7227,-0.0898438
50,49.7227,-0.0898438
50,49.7227,-0.0898438
50,49.7227,-0.0898438
50,49.7227,-0.0859375
50,49.7227,-0.0859375
50,49.7227,-0.0859375
50,49.7227,-0.0859375
50,49.7227,-0.0820313
50,49.7227,-0.0820313
50,49.7227,-0.0820313
50,49.7227,-0.0820313
50,49.7227,-0.078125
50,49.7227,-0.078125
50,49.7227,-0.078125
50,49.7227,-0.078125
50,49.7227,-0.0742188
50,49.7227,-0.0742188
50,49.7227,-0.0742188
50,49.7227,-0.0703125
50,49.7227,-0.0703125
50,49.7227,-0.0703125
50,49.7227,-0.0664063
50,49.7227,-0.0664063
50,49.7227,-0.0664063
50,49.7227,-0.0625
50,49.7227,-0.0625
50,49.7227,-0.0625
50,49.7227,-0.0585938
50,49.7227,-0.0585938
50,49.7227,-0.0585938
50,49.7227,-0.0546875
50,49.7227,-0.0546875
50,49.7227,-0.0546875
50,49.7227,-0.0507813
50,49.7227,-0.0507813
50,49.7227,-0.046875
50,49.7227,-0.046875
50,49.7227,-0.046875
50,49.7227,-0.0429688
50,49.7227,-0.0429688
50,49.7227,-0.0390625
50,49.7227,-0.0390625
50,49.7227,-0.0390625
50,49.7227,-0.0351563
50,49.7227,-0.0351563
50,49.7227,-0.03125
50,49.7227,-0.03125
50,49.7227,-0.0273438
50,49.7227,-0.0273438
50,49.7227,-0.0234375
50,49.7227,-0.0234375
50,49.7227,-0.0234375
50,49.7227,-0.0195313
50,49.7227,-0.0195313
50,49.7227,-0.015625
50,49.7227,-0.015625
50,49.7227,-0.0117188
50,49.7227,-0.0117188
50,49.7227,-0.0078125
50,49.7227,-0.0078125
50,49.7227,-0.00390625
50,49.7227,-0.00390625
50,49.7227,0
50,49.7227,0
50,49.7227,0
50,49.7227,0
50,49.7227,0.00390625
50,49.7227,0.0078125
50,49.7227,0.0078125
50,49.7227,0.0117188
50,49.7227,0.0117188
50,49.7227,0.015625
50,49.7227,0.015625
50,49.7227,0.0195313
50,49.7227,0.0195313
50,49.7227,0.0234375
50,49.7227,0.0273438
50,49.7227,0.0273438
50,49.7227,0.03125
50,49.7227,0.03125
50,49.7227,0.0351563
50,49.7227,0.0390625
50,49.7227,0.0390625
50,49.7227,0.0429688
50,49.7227,0.0429688
50,49.7227,0.046875
50,49.7227,0.0507813
50,49.7227,0.0507813
50,49.7227,0.0546875
50,49.7227,0.0585938
50,49.7227,0.0585938
50,49.7227,0.0625
50,49.7227,0.0664063
50,49.7227,0.0664063
50,49.7227,0.0703125
50,49.7227,0.0742188
50,49.7227,0.0742188
50,49.7227,0.078125
50,49.7227,0.0820313
50,49.7227,0.0820313
50,49.7227,0.0859375
50,49.7227,0.0898438
50,49.7227,0.09375
50,49.7227,0.09375
50,49.7227,0.0976563
50,49.7227,0.101563
50,49.7227,0.101563
50,49.7227,0.105469
50,49.7344,0.09375
50,49.7344,0.109375
50,49.7344,0.113281
50,49.75,0.0976563
50,49.7734,0.0859375
50,49.7852,0.0976563
50,49.7969,0.0976563
50,49.8125,0.09375
50,49.8125,0.109375
50,49.8242,0.0976563
50,49.8359,0.0976563
50,49.8477,0.0976563
50,49.8594,0.0976563
50,49.875,0.09375
50,49.875,0.109375
50,49.875,0.113281
50,49.8867,0.0976563
50,49.8984,0.0976563
50,49.9102,0.0976563
50,49.9102,0.113281
50,49.9102,0.113281
50,49.9219,0.101563
50,49.9219,0.113281
50,49.9375,0.101563
50,49.9375,0.113281
50,49.9375,0.117188
50,49.9492,0.105469
50,49.9609,0.101563
50,49.9609,0.117188
50,49.9609,0.117188
50,49.9609,0.121094
50,49.9727,0.105469
50,49.9727,0.121094
50,49.9844,0.105469
50,50,0.105469
50,50,0.121094
50,50,0.121094
50,50.0117,0.109375
50,50.0117,0.121094
50,50.0234,0.109375
50,50.0234,0.121094
50,50.0234,0.121094
50,50.0234,0.125
50,50.0469,0.09375
50,50.0469,0.121094
50,50.0469,0.121094
50,50.0625,0.109375
50,50.0625,0.121094
50,50.0742,0.105469
50,50.0742,0.121094
50,50.0742,0.121094
50,50.0742,0.121094
50,50.0859,0.109375
50,50.0859,0.121094
50,50.0859,0.121094
50,50.0977,0.109375
50,50.0977,0.121094
50,50.1094,0.105469
50,50.1094,0.121094
50,50.125,0.105469
50,50.125,0.117188
50,50.125,0.117188
50,50.1367,0.105469
50,50.1367,0.117188
50,50.1367,0.117188
50,50.1484,0.101563
50,50.1484,0.117188
50,50.1484,0.117188
50,50.1484,0.117188
50,50.1484,0.117188
50,50.1602,0.101563
50,50.1602,0.113281
50,50.1602,0.113281
50,50.1602,0.113281
50,50.1719,0.101563
50,50.1719,0.113281
50,50.1719,0.113281
50,50.1719,0.113281
50,50.1719,0.113281
50,50.1719,0.113281
50,50.1875,0.0976563
50,50.1875,0.109375
50,50.1875,0.109375
50,50.1875,0.109375
50,50.1875,0.109375
50,50.1875,0.109375
50,50.1875,0.109375
50,50.1875,0.109375
50,50.1875,0.109375
50,50.1992,0.09375
50,50.1992,0.105469
50,50.1992,0.105469
50,50.1992,0.105469
50,50.1992,0.105469
50,50.1992,0.105469
50,50.1992,0.105469
50,50.1992,0.105469
50,50.1992,0.105469
50,50.1992,0.105469
50,50.1992,0.105469
50,50.1992,0.105469
50,50.1992,0.105469
50,50.1992,0.105469
50,50.1992,0.105469
50,50.1992,0.105469
50,50.1992,0.101563
50,50.1992,0.101563
50,50.1992,0.101563
50,50.1992,0.101563
50,50.1992,0.101563
50,50.1992,0.101563
50,50.1992,0.101563
50,50.1992,0.101563
50,50.1992,0.101563
50,50.1992,0.0976563
50,50.1992,0.0976563
50,50.1992,0.0976563
50,50.1992,0.0976563
50,50.1992,0.0976563
50,50.1992,0.0976563
50,50.1992,0.0976563
50,50.1992,0.09375
50,50.1992,0.09375
50,50.1992,0.09375
50,50.1992,0.09375
50,50.1992,0.09375
50,50.1992,0.09375
50,50.1992,0.09375
50,50.1992,0.0898438
50,50.1992,0.0898438
50,50.1992,0.0898438
50,50.1992,0.0898438
50,50.1992,0.0898438
50,50.1992,0.0859375
50,50.1992,0.0859375
50,50.1992,0.0859375
50,50.1992,0.0859375
50,50.1992,0.0859375
50,50.1992,0.0820313
50,50.1992,0.0820313
50,50.1992,0.0820313
50,50.1992,0.0820313
50,50.1992,0.0820313
50,50.1992,0.078125
50,50.1992,0.078125
50,50.1992,0.078125
50,50.1992,0.078125
50,50.1992,0.0742188
50,50.1992,0.0742188
50,50.1992,0.0742188
50,50.1992,0.0742188
50,50.1992,0.0703125
50,50.1992,0.0703125
50,50.1992,0.0703125
50,50.1992,0.0703125
50,50.1992,0.0664063
50,50.1992,0.0664063
50,50.1992,0.0664063
50,50.1992,0.0664063
50,50.1992,0.0625
50,50.1992,0.0625
50,50.1992,0.0625
50,50.1992,0.0585938
50,50.1992,0.0585938
50,50.1992,0.0585938
50,50.1992,0.0585938
50,50.1992,0.0546875
50,50.1992,0.0546875
50,50.1992,0.0546875
50,50.1992,0.0507813
50,50.1992,0.0507813
50,50.1992,0.0507813
50,50.1992,0.046875
50,50.1992,0.046875
50,50.1992,0.046875
50,50.1992,0.0429688
50,50.1992,0.0429688
50,50.1992,0.0429688
50,50.1992,0.0390625
50,50.1992,0.0390625
50,50.1992,0.0390625
50,50.1992,0.0351563
50,50.1992,0.0351563
50,50.1992,0.03125
50,50.1992,0.03125
50,50.1992,0.03125
50,50.1992,0.0273438
50,50.1992,0.0273438
50,50.1992,0.0273438
50,50.1992,0.0234375
50,50.1992,0.0234375
50,50.1992,0.0195313
50,50.1992,0.0195313
50,50.1992,0.0195313
50,50.1992,0.015625
50,50.1992,0.015625
50,50.1992,0.0117188
50,50.1992,0.0117188
50,50.1992,0.0117188
50,50.1992,0.0078125
50,50.1992,0.0078125
50,50.1992,0.00390625
50,50.1992,0.00390625
50,50.1992,0
50,50.1992,0
50,50.1992,0
50,50.1992,0
50,50.1992,0
50,50.1992,-0.00390625
50,50.1992,-0.00390625
50,50.1992,-0.0078125
50,50.1992,-0.0078125
50,50.1992,-0.0117188
50,50.1992,-0.0117188
50,50.1992,-0.015625
50,50.1992,-0.015625
50,50.1992,-0.015625
50,50.1992,-0.0195313
50,50.1992,-0.0195313
50,50.1992,-0.0234375
50,50.1992,-0.0234375
50,50.1992,-0.0273438
50,50.1992,-0.0273438
50,50.1992,-0.03125
50,50.1992,-0.03125
50,50.1992,-0.0351563
50,50.1992,-0.0351563
50,50.1992,-0.0390625
50,50.1992,-0.0429688
50,50.1992,-0.0429688
50,50.1992,-0.046875
50,50.1992,-0.046875
50,50.1992,-0.0507813
50,50.1992,-0.0507813
50,50.1992,-0.0546875
50,50.1992,-0.0546875
50,50.1992,-0.0585938
50,50.1992,-0.0585938
50,50.1992,-0.0625
50,50.1992,-0.0625
50,50.1992,-0.0664063
50,50.1992,-0.0703125
50,50.1992,-0.0703125
50,50.1992,-0.0742188
50,50.1992,-0.0742188
50,50.1992,-0.078125
50,50.1992,-0.0820313
50,50.1992,-0.0820313
50,50.1992,-0.0859375
50,50.1992,-0.0859375
50,50.1992,-0.0898438
50,50.1992,-0.0898438
50,50.1992,-0.09375
50,50.1992,-0.0976563
50,50.1992,-0.0976563
50,50.1992,-0.101563
50,50.1992,-0.105469
50,50.1992,-0.105469
50,50.1992,-0.109375
50,50.1992,-0.109375
50,50.1992,-0.113281
50,50.1992,-0.117188
50,50.1992,-0.117188
50,50.1992,-0.121094
50,50.1992,-0.125
50,50.1875,-0.109375
50,50.1875,-0.125
50,50.1875,-0.128906
50,50.1875,-0.128906
50,50.1602,-0.101563
50,50.1484,-0.113281
50,50.125,-0.0976563
50,50.125,-0.125
50,50.1094,-0.113281
50,50.0859,-0.0976563
50,50.0742,-0.109375
0,50.0742,-0.121094
0,50.0625,-0.414063
0,49.9102,-0.558594
0,49.2852,-0.269531
0,48.3125,-0.0195313
0,47.3359,-0.105469
0,46.4727,-0.320313
0,45.625,-0.441406
0,44.6484,-0.398438
0,43.4727,-0.234375
0,42.2617,-0.210938
0,41.0977,-0.28125
0,40.0117,-0.390625
0,38.8984,-0.390625
0,37.6484,-0.25
0,36.3359,-0.160156
0,35.0977,-0.214844
0,33.9609,-0.308594
0,32.8867,-0.378906
0,31.7344,-0.296875
0,30.5352,-0.222656
0,29.3477,-0.203125
0,28.2227,-0.242188
0,27.1484,-0.277344
0,26.0977,-0.289063
0,25.0859,-0.316406
0,24.0625,-0.285156
0,22.9844,-0.207031
0,21.9492,-0.214844
0,20.9844,-0.269531
0,20.0234,-0.25
0,19.0625,-0.226563
0,18.125,-0.226563
0,17.1992,-0.214844
0,16.3359,-0.257813
0,15.5117,-0.285156
0,14.6719,-0.253906
0,13.7969,-0.1875
0,12.9492,-0.183594
0,12.1484,-0.210938
0,11.3359,-0.171875
0,10.5742,-0.199219
0,9.84766,-0.21875
0,9.14844,-0.230469
0,8.4375,-0.199219
0,7.73438,-0.191406
0,7.08594,-0.226563
0,6.47266,-0.253906
0,5.79688,-0.167969
0,5.125,-0.140625
0,4.5,-0.164063
0,3.9375,-0.214844
0,3.39844,-0.230469
0,2.82422,-0.175781
0,2.19922,-0.09375
0,1.625,-0.117188
0,1.09766,-0.144531
0,0.609375,-0.171875
0,0.125,-0.15625
0,-0.359375,-0.136719
0,-0.796875,-0.175781
0,-1.1875,-0.222656
0,-1.58594,-0.203125
0,-2.01172,-0.167969
0,-2.42188,-0.164063
0,-2.82422,-0.164063
0,-3.23438,-0.132813
0,-3.64844,-0.109375
0,-4,-0.160156
0,-4.32422,-0.175781
0,-4.66016,-0.152344
0,-4.98438,-0.152344
0,-5.29688,-0.152344
0,-5.60938,-0.140625
0,-6,-0.0351563
0,-6.35938,-0.03125
0,-6.66016,-0.0742188
0,-6.89844,-0.128906
0,-7.10938,-0.148438
0,-7.33594,-0.132813
0,-7.57422,-0.109375
0,-7.79688,-0.109375
0,-8.01172,-0.113281
0,-8.19922,-0.132813
0,-8.35938,-0.152344
0,-8.51172,-0.167969
0,-8.6875,-0.136719
0,-8.91016,-0.0664063
0,-9.14844,-0.03125
0,-9.34766,-0.046875
0,-9.47266,-0.117188
0,-9.54688,-0.171875
0,-9.625,-0.179688
0,-9.72266,-0.152344
0,-9.84766,-0.121094
0,-9.97266,-0.113281
0,-10.0742,-0.132813
0,-10.1602,-0.140625
0,-10.2617,-0.121094
0,-10.3477,-0.128906
0,-10.4492,-0.105469
0,-10.5234,-0.125
0,-10.5859,-0.132813
0,-10.6484,-0.128906
0,-10.6992,-0.136719
0,-10.7617,-0.117188
0,-10.8125,-0.125
0,-10.8594,-0.117188
0,-10.8984,-0.125
0,-10.9219,-0.136719
0,-10.9375,-0.148438
0,-10.9609,-0.128906
0,-10.9844,-0.125
0,-11.0117,-0.121094
0,-11.0234,-0.128906
0,-11.0234,-0.136719
0,-11.0234,-0.136719
0,-11.0234,-0.132813
0,-11.0352,-0.113281
0,-11.0352,-0.121094
0,-11.0352,-0.113281
0,-11.0352,-0.109375
0,-11.0352,-0.101563
0,-11.0352,-0.09375
0,-11.0352,-0.0859375
0,-11.0352,-0.0742188
0,-11.0352,-0.0664063
0,-11.0352,-0.0546875
0,-11.0352,-0.0429688
0,-11.0352,-0.03125
0,-11.0352,-0.015625
0,-11.0352,-0.00390625
0,-11.0352,0.0078125
0,-11.0352,0.0234375
0,-11.0234,0.0234375
0,-11.0234,0.0546875
0,-11,0.0429688
0,-10.9727,0.0546875
0,-10.9375,0.0507813
0,-10.8984,0.0625
0,-10.8594,0.0742188
0,-10.8242,0.0859375
0,-10.7734,0.0820313
0,-10.7227,0.09375
0,-10.6719,0.101563
0,-10.6094,0.0976563
0,-10.5234,0.078125
0,-10.4375,0.078125
0,-10.375,0.109375
0,-10.3125,0.121094
0,-10.2227,0.0976563
0,-10.1484,0.117188
0,-10.0625,0.109375
0,-9.97266,0.113281
0,-9.89844,0.132813
0,-9.82422,0.136719
0,-9.72266,0.117188
0,-9.59766,0.0859375
0,-9.46094,0.0664063
0,-9.34766,0.0898438
0,-9.27344,0.132813
0,-9.19922,0.140625
0,-9.125,0.148438
0,-9.04688,0.15625
0,-8.98438,0.179688
0,-8.92188,0.1875
0,-8.82422,0.15625
0,-8.73438,0.171875
0,-8.63672,0.164063
0,-8.51172,0.136719
0,-8.34766,0.0859375
0,-8.17188,0.0585938
0,-8.02344,0.0742188
0,-7.91016,0.105469
0,-7.82422,0.132813
0,-7.75,0.152344
0,-7.64844,0.128906
0,-7.52344,0.101563
0,-7.39844,0.0976563
0,-7.28516,0.105469
0,-7.21094,0.148438
0,-7.125,0.136719
0,-7.02344,0.125
0,-6.89844,0.0976563
0,-6.8125,0.136719
0,-6.73438,0.152344
0,-6.64844,0.144531
0,-6.54688,0.128906
0,-6.42188,0.101563
0,-6.28516,0.078125
0,-6.17188,0.0976563
0,-6.08594,0.125
0,-6.01172,0.140625
0,-5.96094,0.171875
0,-5.88672,0.152344
0,-5.8125,0.15625
0,-5.76172,0.191406
0,-5.71094,0.203125
0,-5.64844,0.195313
0,-5.5625,0.175781
0,-5.47266,0.175781
0,-5.39844,0.191406
0,-5.28516,0.148438
0,-5.125,0.0859375
0,-4.9375,0.0390625
0,-4.77344,0.0429688
0,-4.64844,0.0703125
0,-4.57422,0.117188
0,-4.5,0.121094
0,-4.42188,0.121094
0,-4.32422,0.0898438
0,-4.25,0.117188
0,-4.17188,0.117188
0,-4.09766,0.117188
0,-4.02344,0.113281
0,-3.96094,0.128906
0,-3.91016,0.148438
0,-3.83594,0.121094
0,-3.75,0.105469
0,-3.66016,0.101563
0,-3.58594,0.113281
0,-3.51172,0.113281
0,-3.42188,0.09375
0,-3.34766,0.105469
0,-3.29688,0.132813
0,-3.26172,0.152344
0,-3.22266,0.15625
0,-3.16016,0.132813
0,-3.10938,0.148438
0,-3.0625,0.152344
0,-3.01172,0.15625
0,-2.97266,0.171875
0,-2.91016,0.148438
0,-2.85938,0.164063
0,-2.8125,0.167969
0,-2.76172,0.167969
0,-2.69922,0.15625
0,-2.60938,0.125
0,-2.51172,0.105469
0,-2.38672,0.0664063
0,-2.25,0.0351563
0,-2.10938,0.0117188
0,-2,0.0234375
0,-1.89844,0.0234375
0,-1.83594,0.0546875
0,-1.79688,0.078125
0,-1.77344,0.09375
0,-1.75,0.0976563
0,-1.69922,0.0742188
0,-1.66016,0.0859375
0,-1.60938,0.0703125
0,-1.57422,0.0820313
0,-1.52344,0.0703125
0,-1.48438,0.0820313
0,-1.44922,0.0820313
0,-1.41016,0.0820313
0,-1.35938,0.0664063
0,-1.32422,0.078125
0,-1.29688,0.09375
0,-1.26172,0.078125
0,-1.22266,0.078125
0,-1.19922,0.09375
0,-1.17188,0.09375
0,-1.13672,0.0820313
0,-1.08594,0.0664063
0,-1.0625,0.0898438
0,-1.03516,0.09375
0,-1.01172,0.09375
0,-0.972656,0.0820313
0,-0.949219,0.09375
0,-0.921875,0.09375
0,-0.898438,0.09375
0,-0.875,0.0976563
0,-0.847656,0.0976563
0,-0.824219,0.0976563
0,-0.796875,0.0976563
0,-0.761719,0.0820313
0,-0.734375,0.0976563
0,-0.722656,0.109375
0,-0.699219,0.0976563
0,-0.660156,0.0859375
0,-0.625,0.0820313
0,-0.597656,0.09375
0,-0.5625,0.078125
0,-0.523438,0.0742188
0,-0.484375,0.0703125
0,-0.449219,0.0664063
0,-0.398438,0.046875
0,-0.359375,0.0546875
0,-0.324219,0.0507813
0,-0.273438,0.03125
0,-0.234375,0.0390625
0,-0.222656,0.0625
0,-0.199219,0.046875
0,-0.199219,0.0742188
0,-0.199219,0.078125
0,-0.1875,0.0664063
0,-0.1875,0.0820313
0,-0.171875,0.0703125
0,-0.171875,0.0859375
0,-0.171875,0.0898438
0,-0.160156,0.078125
0,-0.160156,0.09375
0,-0.148438,0.0820313
0,-0.148438,0.09375
0,-0.136719,0.0820313
0,-0.125,0.0820313
0,-0.125,0.0976563
0,-0.125,0.101563
0,-0.109375,0.0898438
0,-0.109375,0.105469
0,-0.0976563,0.09375
0,-0.0976563,0.105469
0,-0.0976563,0.109375
0,-0.0859375,0.0976563
0,-0.0742188,0.0976563
0,-0.0742188,0.113281
0,-0.0742188,0.113281
0,-0.0742188,0.117188
0,-0.0625,0.105469
0,-0.046875,0.105469
0,-0.046875,0.121094
0,-0.046875,0.121094
0,-0.0351563,0.109375
0,-0.0351563,0.125
0,-0.0234375,0.113281
0,-0.0234375,0.125
0,-0.0234375,0.128906
0,-0.0117188,0.117188
0,0,0.117188
0,0,0.128906
0,0,0.132813
0,0,0.136719
0,0.0117188,0.121094
0,0.0234375,0.121094
0,0.0234375,0.136719
0,0.0234375,0.136719
0,0.0351563,0.125
0,0.0351563,0.140625
0,0.0351563,0.140625
0,0.046875,0.128906
0,0.046875,0.140625
0,0.0625,0.128906
0,0.0625,0.144531
0,0.0625,0.144531
0,0.0625,0.148438
0,0.0742188,0.132813
0,0.0742188,0.148438
0,0.0742188,0.148438
0,0.0859375,0.136719
0,0.0859375,0.148438
0,0.0859375,0.152344
0,0.0976563,0.140625
0,0.0976563,0.152344
0,0.0976563,0.152344
0,0.109375,0.140625
0,0.125,0.140625
0,0.125,0.152344
0,0.125,0.152344
0,0.136719,0.140625
0,0.136719,0.152344
0,0.148438,0.140625
0,0.148438,0.152344
0,0.148438,0.15625
0,0.148438,0.15625
0,0.148438,0.15625
0,0.160156,0.144531
0,0.160156,0.15625
0,0.160156,0.15625
0,0.171875,0.144531
0,0.171875,0.15625
0,0.171875,0.15625
0,0.171875,0.160156
0,0.171875,0.160156
0,0.1875,0.144531
0,0.1875,0.160156
0,0.1875,0.160156
0,0.1875,0.160156
0,0.1875,0.160156
0,0.1875,0.160156
0,0.199219,0.148438
0,0.199219,0.160156
0,0.199219,0.160156
0,0.199219,0.160156
0,0.210938,0.148438
0,0.210938,0.160156
0,0.210938,0.160156
0,0.210938,0.160156
0,0.222656,0.148438
0,0.222656,0.160156
0,0.222656,0.160156
0,0.222656,0.160156
0,0.222656,0.160156
0,0.222656,0.160156
0,0.222656,0.160156
0,0.222656,0.160156
0,0.222656,0.160156
0,0.222656,0.160156
0,0.222656,0.164063
0,0.234375,0.148438
0,0.234375,0.160156
0,0.234375,0.160156
0,0.234375,0.160156
0,0.234375,0.160156
0,0.234375,0.160156
0,0.234375,0.160156
0,0.234375,0.160156
0,0.234375,0.160156
0,0.234375,0.160156
0,0.234375,0.160156
0,0.234375,0.160156
0,0.234375,0.160156
0,0.234375,0.160156
0,0.234375,0.160156
0,0.234375,0.160156
0,0.234375,0.160156
0,0.234375,0.160156
0,0.234375,0.160156
0,0.234375,0.160156
0,0.234375,0.160156
0,0.234375,0.160156
0,0.234375,0.160156
0,0.234375,0.160156
0,0.234375,0.160156
0,0.234375,0.160156
0,0.234375,0.160156
0,0.234375,0.160156
0,0.234375,0.160156
0,0.234375,0.160156
0,0.234375,0.160156
0,0.234375,0.15625
0,0.234375,0.15625
0,0.234375,0.15625
0,0.234375,0.15625
0,0.234375,0.15625
0,0.234375,0.15625
0,0.234375,0.15625
0,0.234375,0.15625
0,0.234375,0.15625
0,0.234375,0.15625
0,0.234375,0.152344
0,0.234375,0.152344
0,0.234375,0.152344
0,0.234375,0.152344
0,0.234375,0.152344
0,0.234375,0.152344
0,0.234375,0.152344
0,0.234375,0.152344
0,0.234375,0.148438
0,0.234375,0.148438
0,0.234375,0.148438
0,0.234375,0.148438
0,0.234375,0.148438
0,0.234375,0.148438
0,0.234375,0.144531
0,0.234375,0.144531
0,0.234375,0.144531
0,0.234375,0.144531
0,0.234375,0.144531
0,0.234375,0.140625
0,0.234375,0.140625
0,0.234375,0.140625
0,0.234375,0.140625
0,0.234375,0.140625
0,0.234375,0.136719
0,0.234375,0.136719
0,0.234375,0.136719
0,0.234375,0.136719
0,0.234375,0.132813
0,0.234375,0.132813
0,0.234375,0.132813
0,0.234375,0.132813
0,0.234375,0.128906
0,0.234375,0.128906
0,0.234375,0.128906
0,0.234375,0.128906
0,0.234375,0.125
0,0.234375,0.125
0,0.234375,0.125
0,0.234375,0.125
0,0.234375,0.121094
0,0.234375,0.121094
0,0.234375,0.121094
0,0.234375,0.117188
0,0.234375,0.117188
0,0.234375,0.117188
0,0.234375,0.117188
0,0.234375,0.113281
0,0.234375,0.113281
0,0.234375,0.113281
0,0.234375,0.109375
0,0.234375,0.109375
0,0.234375,0.109375
0,0.234375,0.105469
0,0.234375,0.105469
0,0.234375,0.105469
0,0.234375,0.101563
0,0.234375,0.101563
0,0.234375,0.101563
0,0.234375,0.0976563
0,0.234375,0.0976563
0,0.234375,0.09375
0,0.234375,0.09375
0,0.234375,0.09375
0,0.234375,0.0898438
0,0.234375,0.0898438
0,0.234375,0.0859375
0,0.234375,0.0859375
0,0.234375,0.0859375
0,0.234375,0.0820313
0,0.234375,0.0820313
0,0.234375,0.078125
0,0.234375,0.078125
0,0.234375,0.078125
0,0.234375,0.0742188
0,0.234375,0.0742188
0,0.234375,0.0703125
0,0.234375,0.0703125
0,0.234375,0.0664063
0,0.234375,0.0664063
0,0.234375,0.0664063
0,0.234375,0.0625
0,0.234375,0.0625
0,0.234375,0.0585938
0,0.234375,0.0585938
0,0.234375,0.0546875
0,0.234375,0.0546875
0,0.234375,0.0507813
0,0.234375,0.0507813
0,0.234375,0.046875
0,0.234375,0.046875
0,0.234375,0.0429688
0,0.234375,0.0429688
0,0.234375,0.0390625
0,0.234375,0.0390625
0,0.234375,0.0351563
0,0.234375,0.0351563
0,0.222656,0.046875
0,0.222656,0.0351563
0,0.222656,0.03125
0,0.222656,0.0273438
0,0.222656,0.0273438
0,0.222656,0.0234375
0,0.222656,0.0234375
0,0.222656,0.0195313
0,0.222656,0.0195313
0,0.222656,0.015625
0,0.222656,0.015625
0,0.222656,0.0117188
0,0.222656,0.0117188
0,0.222656,0.0078125
0,0.222656,0.0078125
0,0.222656,0.00390625
0,0.222656,0
0,0.222656,0
0,0.222656,0
0,0.222656,0
0,0.222656,-0.00390625
0,0.222656,-0.00390625
0,0.222656,-0.0078125
0,0.222656,-0.0117188
0,0.222656,-0.0117188
0,0.222656,-0.015625
0,0.222656,-0.015625
0,0.222656,-0.0195313
0,0.222656,-0.0234375
0,0.222656,-0.0234375
0,0.222656,-0.0273438
0,0.222656,-0.0273438
0,0.222656,-0.03125
0,0.210938,-0.0195313
0,0.210938,-0.0351563
0,0.210938,-0.0351563
0,0.199219,-0.0234375
0,0.199219,-0.0390625
0,0.1875,-0.0234375
0,0.1875,-0.0390625
0,0.1875,-0.0429688
0,0.171875,-0.03125
0,0.171875,-0.0429688
0,0.171875,-0.046875
0,0.160156,-0.0351563
0,0.160156,-0.046875
0,0.160156,-0.0507813
0,0.148438,-0.0390625
0,0.148438,-0.0507813
0,0.148438,-0.0546875
0,0.148438,-0.0546875
0,0.148438,-0.0585938
0,0.136719,-0.046875
0,0.136719,-0.0585938
0,0.136719,-0.0625
0,0.125,-0.0507813
0,0.125,-0.0625
0,0.125,-0.0664063
0,0.109375,-0.0507813
0,0.109375,-0.0664063
0,0.109375,-0.0703125
0,0.0976563,-0.0546875
0,0.0976563,-0.0703125
0,0.0976563,-0.0703125
0,0.0859375,-0.0585938
0,0.0859375,-0.0742188
0,0.0859375,-0.0742188
0,0.0859375,-0.078125
0,0.0742188,-0.0625
0,0.0742188,-0.078125
0,0.0742188,-0.078125
0,0.0625,-0.0664063
0,0.0625,-0.0820313
0,0.0625,-0.0820313
0,0.046875,-0.0703125
0,0.046875,-0.0820313
0,0.046875,-0.0859375
0,0.046875,-0.0859375
0,0.0351563,-0.0742188
0,0.0351563,-0.0859375
0,0.0351563,-0.0898438
0,0.0234375,-0.0742188
0,0.0234375,-0.0898438
0,0.0234375,-0.0898438
0,0.0234375,-0.09375
0,0.0117188,-0.078125
0,0.0117188,-0.09375
0,0.0117188,-0.09375
0,0,-0.0820313
0,0,-0.09375
0,0,-0.0976563
0,0,-0.0976563
0,-0.0117188,-0.0859375
0,-0.0117188,-0.0976563
0,-0.0117188,-0.101563
0,-0.0117188,-0.101563
0,-0.0234375,-0.0859375
0,-0.0234375,-0.101563
0,-0.0234375,-0.101563
0,-0.0234375,-0.105469
0,-0.0351563,-0.0898438
0,-0.0351563,-0.101563
0,-0.0351563,-0.105469
0,-0.0351563,-0.105469
0,-0.046875,-0.09375
0,-0.046875,-0.105469
0,-0.046875,-0.105469
0,-0.046875,-0.109375
0,-0.0625,-0.09375
0,-0.0625,-0.105469
0,-0.0625,-0.109375
0,-0.0625,-0.109375
0,-0.0625,-0.109375
0,-0.0742188,-0.0976563
0,-0.0742188,-0.109375
0,-0.0742188,-0.109375
0,-0.0742188,-0.113281
0,-0.0859375,-0.0976563
0,-0.0859375,-0.109375
0,-0.0859375,-0.113281
0,-0.0859375,-0.113281
0,-0.0976563,-0.0976563
0,-0.0976563,-0.109375
0,-0.0976563,-0.113281
0,-0.0976563,-0.113281
0,-0.0976563,-0.113281
0,-0.0976563,-0.113281
0,-0.109375,-0.101563
0,-0.109375,-0.113281
0,-0.109375,-0.113281
0,-0.109375,-0.113281
0,-0.109375,-0.113281
0,-0.109375,-0.117188
0,-0.109375,-0.117188
0,-0.125,-0.101563
0,-0.125,-0.113281
0,-0.125,-0.113281
0,-0.125,-0.117188
0,-0.125,-0.117188
0,-0.125,-0.117188
0,-0.125,-0.117188
0,-0.125,-0.117188
0,-0.125,-0.117188
0,-0.125,-0.117188
0,-0.125,-0.117188
0,-0.136719,-0.105469
0,-0.136719,-0.117188
0,-0.136719,-0.117188
0,-0.136719,-0.117188
0,-0.136719,-0.117188
0,-0.136719,-0.117188
0,-0.136719,-0.117188
0,-0.136719,-0.117188
0,-0.136719,-0.121094
0,-0.136719,-0.121094
0,-0.148438,-0.105469
0,-0.148438,-0.117188
0,-0.148438,-0.117188
0,-0.148438,-0.117188
0,-0.148438,-0.117188
0,-0.148438,-0.117188
0,-0.148438,-0.117188
0,-0.148438,-0.117188
0,-0.148438,-0.117188
0,-0.148438,-0.117188
0,-0.148438,-0.117188
0,-0.148438,-0.117188
0,-0.148438,-0.117188
0,-0.148438,-0.117188
0,-0.148438,-0.117188
0,-0.148438,-0.117188
0,-0.148438,-0.121094
0,-0.148438,-0.121094
0,-0.148438,-0.121094
0,-0.148438,-0.121094
0,-0.148438,-0.121094
0,-0.148438,-0.121094
0,-0.148438,-0.121094
0,-0.148438,-0.121094
0,-0.148438,-0.121094
0,-0.148438,-0.121094
0,-0.148438,-0.121094
0,-0.148438,-0.121094
0,-0.148438,-0.117188
0,-0.148438,-0.117188
0,-0.148438,-0.117188
0,-0.148438,-0.117188
0,-0.148438,-0.117188
0,-0.148438,-0.117188
0,-0.148438,-0.117188
0,-0.148438,-0.117188
0,-0.148438,-0.117188
0,-0.148438,-0.117188
0,-0.148438,-0.117188
0,-0.148438,-0.117188
0,-0.148438,-0.117188
0,-0.148438,-0.117188
0,-0.148438,-0.117188
0,-0.148438,-0.117188
0,-0.148438,-0.117188
0,-0.148438,-0.117188
0,-0.148438,-0.117188
0,-0.148438,-0.117188
0,-0.148438,-0.117188
0,-0.148438,-0.117188
0,-0.148438,-0.113281
0,-0.148438,-0.113281
0,-0.148438,-0.113281
0,-0.148438,-0.113281
0,-0.148438,-0.113281
0,-0.148438,-0.113281
0,-0.148438,-0.113281
0,-0.148438,-0.113281
0,-0.148438,-0.113281
0,-0.148438,-0.113281
0,-0.148438,-0.113281
0,-0.148438,-0.109375
0,-0.148438,-0.109375
0,-0.148438,-0.109375
0,-0.148438,-0.109375
0,-0.148438,-0.109375
0,-0.148438,-0.109375
0,-0.148438,-0.109375
0,-0.148438,-0.109375
0,-0.148438,-0.109375
0,-0.148438,-0.105469
0,-0.148438,-0.105469
0,-0.148438,-0.105469
0,-0.148438,-0.105469
0,-0.148438,-0.105469
0,-0.148438,-0.105469
0,-0.148438,-0.105469
0,-0.148438,-0.101563
0,-0.148438,-0.101563
0,-0.148438,-0.101563
0,-0.148438,-0.101563
0,-0.148438,-0.101563
0,-0.148438,-0.101563
0,-0.148438,-0.101563
0,-0.148438,-0.0976563
0,-0.148438,-0.0976563
0,-0.148438,-0.0976563
0,-0.148438,-0.0976563
0,-0.148438,-0.0976563
0,-0.148438,-0.0976563
0,-0.148438,-0.09375
0,-0.148438,-0.09375
0,-0.148438,-0.09375
0,-0.148438,-0.09375
0,-0.148438,-0.09375
0,-0.148438,-0.0898438
0,-0.148438,-0.0898438
0,-0.148438,-0.0898438
0,-0.148438,-0.0898438
0,-0.148438,-0.0898438
0,-0.148438,-0.0859375
0,-0.148438,-0.0859375
0,-0.148438,-0.0859375
0,-0.148438,-0.0859375
0,-0.148438,-0.0859375
0,-0.148438,-0.0820313
0,-0.148438,-0.0820313
0,-0.148438,-0.0820313
50,-0.148438,-0.0820313
50,-0.148438,0.222656
50,-0.0976563,0.472656
50,0.171875,0.507813
50,0.824219,0.308594
50,1.77344,0.113281
50,2.69922,0.234375
50,3.54688,0.421875
50,4.46094,0.457031
50,5.59766,0.28125
50,6.88672,0.136719
50,8.13672,0.179688
50,9.27344,0.316406
50,10.375,0.382813
50,11.5234,0.351563
50,12.7617,0.261719
50,14.0117,0.230469
50,15.1992,0.285156
50,16.3477,0.320313
50,17.5117,0.296875
50,18.6992,0.25
50,19.8594,0.253906
50,20.9492,0.320313
50,22.0234,0.324219
50,23.1484,0.25
50,24.2734,0.21875
50,25.3477,0.242188
50,26.3867,0.257813
50,27.3867,0.277344
50,28.3867,0.257813
50,29.3867,0.230469
50,30.3359,0.261719
50,31.2617,0.269531
50,32.1875,0.25
50,33.1094,0.222656
50,34.0234,0.207031
50,34.9219,0.191406
50,35.7852,0.203125
50,36.6094,0.21875
50,37.3867,0.253906
50,38.1602,0.238281
50,38.9219,0.234375
50,39.6875,0.214844
50,40.4492,0.1875
50,41.1992,0.175781
50,41.8984,0.203125
50,42.5742,0.210938
50,43.2109,0.238281
50,43.8984,0.164063
50,44.5742,0.148438
50,45.2109,0.164063
50,45.7852,0.210938
50,46.3594,0.199219
50,46.9375,0.179688
50,47.4844,0.191406
50,48.0352,0.171875
50,48.5469,0.195313
50,49.0234,0.226563
50,49.5352,0.171875
50,50.0742,0.121094
50,50.5742,0.136719
50,51.0234,0.171875
50,51.4375,0.199219
50,51.8477,0.191406
50,52.3359,0.0898438
50,52.8242,0.0546875
50,53.2617,0.078125
50,53.6484,0.113281
50,54.0117,0.125
50,54.3359,0.152344
50,54.5859,0.234375
50,54.8359,0.242188
50,55.2109,0.0976563
50,55.6094,0.0429688
50,55.9609,0.0664063
50,56.2109,0.160156
50,56.4219,0.203125
50,56.6875,0.144531
50,56.9492,0.132813
50,57.1719,0.164063
50,57.3594,0.203125
50,57.5742,0.175781
50,57.8594,0.078125
50,58.1719,0.0195313
50,58.4375,0.046875
50,58.6602,0.0664063
50,58.8359,0.105469
50,58.9844,0.128906
50,59.125,0.136719
50,59.2734,0.121094
50,59.4219,0.113281
50,59.5742,0.105469
50,59.7227,0.09375
50,59.875,0.0820313
50,60,0.0976563
50,60.0742,0.148438
50,60.125,0.179688
50,60.1719,0.1875
50,60.25,0.160156
50,60.3242,0.160156
50,60.3867,0.171875
50,60.4375,0.183594
50,60.4844,0.183594
50,60.5625,0.15625
50,60.6484,0.132813
50,60.75,0.105469
50,60.8867,0.046875
50,61.0352,0.00390625
50,61.1602,0.00390625
50,61.25,0.0234375
50,61.2969,0.046875
50,61.3242,0.0664063
50,61.3359,0.0742188
50,61.3477,0.0703125
50,61.3594,0.0664063
50,61.3594,0.0742188
50,61.3594,0.0703125
50,61.3594,0.0664063
50,61.3594,0.0625
50,61.3594,0.0546875
50,61.3594,0.046875
50,61.3594,0.0390625
50,61.3594,0.03125
50,61.3594,0.0234375
50,61.3594,0.0117188
50,61.3594,0
50,61.3594,-0.0078125
50,61.3594,-0.0195313
50,61.3594,-0.03125
50,61.3594,-0.046875
50,61.3594,-0.0585938
50,61.3594,-0.0742188
50,61.3594,-0.09375
50,61.3594,-0.109375
50,61.3594,-0.128906
50,61.3594,-0.144531
50,61.3359,-0.136719
50,61.2852,-0.121094
50,61.2344,-0.128906
50,61.1719,-0.121094
50,61.125,-0.144531
50,61.0625,-0.140625
50,61,-0.148438
50,60.9375,-0.15625
50,60.875,-0.164063
50,60.7969,-0.15625
50,60.6992,-0.132813
50,60.5859,-0.117188
50,60.4219,-0.0585938
50,60.25,-0.0273438
50,60.0742,-0.0117188
50,59.9219,-0.0234375
50,59.8242,-0.0703125
50,59.7852,-0.144531
50,59.7734,-0.1875
50,59.7227,-0.164063
50,59.625,-0.117188
50,59.5117,-0.101563
50,59.4375,-0.144531
50,59.375,-0.164063
50,59.2734,-0.128906
50,59.125,-0.0703125
50,59,-0.0898438
50,58.8984,-0.117188
50,58.8242,-0.148438
50,58.7344,-0.136719
50,58.6367,-0.128906
50,58.5234,-0.113281
50,58.4219,-0.125
50,58.3359,-0.140625
50,58.2344,-0.128906
50,58.125,-0.117188
50,58.0117,-0.113281
50,57.9219,-0.140625
50,57.8242,-0.128906
50,57.75,-0.160156
50,57.6875,-0.183594
50,57.6094,-0.175781
50,57.5,-0.136719
50,57.375,-0.121094
50,57.2227,-0.0859375
50,57.0469,-0.0429688
50,56.8594,-0.0117188
50,56.6992,-0.0195313
50,56.5742,-0.046875
50,56.5117,-0.113281
50,56.4727,-0.152344
50,56.4219,-0.148438
50,56.3359,-0.113281
50,56.2344,-0.101563
50,56.1484,-0.113281
50,56.0742,-0.128906
50,55.9844,-0.117188
50,55.8867,-0.101563
50,55.7852,-0.101563
50,55.6875,-0.0976563
50,55.5977,-0.109375
50,55.5117,-0.109375
50,55.4219,-0.109375
50,55.3477,-0.125
50,55.2734,-0.125
50,55.1719,-0.0976563
50,55.0859,-0.109375
50,55.0117,-0.125
50,54.9492,-0.140625
50,54.8984,-0.160156
50,54.8359,-0.152344
50,54.75,-0.125
50,54.6367,-0.09375
50,54.4844,-0.0429688
50,54.3242,-0.0117188
50,54.1719,-0.00390625
50,54.0352,-0.00390625
50,53.9492,-0.046875
50,53.9219,-0.117188
50,53.9219,-0.15625
50,53.8984,-0.140625
50,53.8477,-0.121094
50,53.7969,-0.128906
50,53.7734,-0.160156
50,53.75,-0.171875
50,53.6875,-0.136719
50,53.6367,-0.15625
50,53.5977,-0.175781
50,53.5352,-0.152344
50,53.4727,-0.152344
50,53.3984,-0.140625
50,53.3125,-0.125
50,53.2227,-0.117188
50,53.1484,-0.128906
50,53.0742,-0.125
50,53.0234,-0.152344
50,52.9492,-0.125
50,52.8594,-0.109375
50,52.7969,-0.132813
50,52.75,-0.144531
50,52.6875,-0.132813
50,52.625,-0.132813
50,52.5625,-0.128906
50,52.5117,-0.144531
50,52.4609,-0.144531
50,52.3984,-0.132813
50,52.3242,-0.113281
50,52.2734,-0.140625
50,52.2344,-0.15625
50,52.1875,-0.144531
50,52.0977,-0.0976563
50,52.0352,-0.121094
50,52,-0.148438
50,51.9609,-0.148438
50,51.9102,-0.136719
50,51.8477,-0.121094
50,51.7969,-0.132813
50,51.7852,-0.175781
50,51.7734,-0.183594
50,51.7227,-0.144531
50,51.6484,-0.113281
50,51.6094,-0.152344
50,51.5859,-0.167969
50,51.5469,-0.15625
50,51.4844,-0.128906
50,51.4219,-0.125
50,51.3594,-0.117188
50,51.2852,-0.0976563
50,51.1992,-0.0742188
50,51.0977,-0.046875
50,51,-0.03125
50,50.9219,-0.046875
50,50.875,-0.0664063
50,50.8359,-0.0742188
50,50.8242,-0.101563
50,50.8125,-0.105469
50,50.7969,-0.109375
50,50.7852,-0.113281
50,50.75,-0.0859375
50,50.7227,-0.0976563
50,50.6992,-0.0976563
50,50.6992,-0.128906
50,50.6719,-0.101563
50,50.6484,-0.101563
50,50.6367,-0.117188
50,50.625,-0.121094
50,50.5977,-0.109375
50,50.5859,-0.121094
50,50.5742,-0.125
50,50.5625,-0.128906
50,50.5352,-0.117188
50,50.5117,-0.113281
50,50.5,-0.128906
50,50.4844,-0.132813
50,50.4727,-0.132813
50,50.4609,-0.136719
50,50.4492,-0.136719
50,50.4219,-0.125
50,50.3867,-0.109375
50,50.375,-0.132813
50,50.3477,-0.121094
50,50.3359,-0.132813
50,50.3125,-0.121094
50,50.2852,-0.121094
50,50.25,-0.101563
50,50.2227,-0.113281
50,50.2227,-0.140625
50,50.1992,-0.113281
50,50.1602,-0.0976563
50,50.1367,-0.105469
50,50.1094,-0.105469
50,50.0859,-0.101563
50,50.0742,-0.113281
50,50.0625,-0.113281
50,50.0352,-0.0976563
50,50.0117,-0.0976563
50,49.9844,-0.09375
50,49.9727,-0.105469
50,49.9727,-0.117188
50,49.9609,-0.105469
50,49.9375,-0.0898438
50,49.9219,-0.101563
50,49.9102,-0.101563
50,49.8984,-0.101563
50,49.8984,-0.113281
50,49.8867,-0.101563
50,49.875,-0.0976563
50,49.8594,-0.0976563
50,49.8477,-0.0976563
50,49.8477,-0.109375
50,49.8477,-0.113281
50,49.8359,-0.0976563
50,49.8359,-0.113281
50,49.8242,-0.0976563
50,49.8242,-0.109375
50,49.8125,-0.0976563
50,49.7969,-0.0976563
50,49.7969,-0.109375
50,49.7969,-0.109375
50,49.7969,-0.109375
50,49.7852,-0.0976563
50,49.7852,-0.109375
50,49.7852,-0.109375
50,49.7734,-0.0976563
50,49.7734,-0.109375
50,49.7734,-0.109375
50,49.7734,-0.113281
50,49.7734,-0.113281
50,49.7734,-0.113281
50,49.7734,-0.113281
50,49.7617,-0.101563
50,49.7617,-0.113281
50,49.7617,-0.113281
50,49.7617,-0.113281
50,49.7617,-0.113281
50,49.75,-0.101563
50,49.75,-0.113281
50,49.75,-0.113281
50,49.75,-0.113281
50,49.7344,-0.0976563
50,49.7344,-0.109375
50,49.7344,-0.113281
50,49.7344,-0.113281
50,49.7344,-0.113281
50,49.7344,-0.113281
50,49.7344,-0.113281
50,49.7227,-0.0976563
50,49.7227,-0.109375
50,49.7227,-0.109375
50,49.7227,-0.109375
50,49.7227,-0.109375
50,49.7227,-0.109375
50,49.7227,-0.109375
50,49.7227,-0.109375
50,49.7227,-0.109375
50,49.7227,-0.109375
50,49.7227,-0.109375
50,49.7227,-0.109375
50,49.7227,-0.109375
50,49.7227,-0.109375
50,49.7227,-0.109375
50,49.7227,-0.109375
50,49.7227,-0.109375
50,49.7227,-0.109375
50,49.7227,-0.109375
50,49.7227,-0.109375
50,49.7227,-0.109375
50,49.7227,-0.109375
50,49.7227,-0.109375
50,49.7227,-0.109375
50,49.7227,-0.109375
50,49.7227,-0.109375
50,49.7227,-0.109375
50,49.7227,-0.109375
50,49.7227,-0.105469
50,49.7227,-0.105469
50,49.7227,-0.105469
50,49.7227,-0.105469
50,49.7227,-0.105469
50,49.7227,-0.105469
50,49.7227,-0.105469
50,49.7227,-0.105469
50,49.7227,-0.105469
50,49.7227,-0.101563
50,49.7227,-0.101563
50,49.7227,-0.101563
50,49.7227,-0.101563
50,49.7227,-0.101563
50,49.7227,-0.101563
50,49.7227,-0.0976563
50,49.7227,-0.0976563
50,49.7227,-0.0976563
50,49.7227,-0.0976563
50,49.7227,-0.0976563
50,49.7227,-0.0976563
50,49.7227,-0.09375
50,49.7227,-0.09375
50,49.7227,-0.09375
50,49.7227,-0.09375
50,49.7227,-0.09375
50,49.7227,-0.0898438
50,49.7227,-0.0898438
50,49.7227,-0.0898438
50,49.7227,-0.0898438
50,49.7227,-0.0859375
50,49.7227,-0.0859375
50,49.7227,-0.0859375
50,49.7227,-0.0859375
50,49.7227,-0.0820313
50,49.7227,-0.0820313
50,49.7227,-0.0820313
50,49.7227,-0.0820313
50,49.7227,-0.078125
50,49.7227,-0.078125
50,49.7227,-0.078125
50,49.7227,-0.078125
50,49.7227,-0.0742188
50,49.7227,-0.0742188
50,49.7227,-0.0742188
50,49.7227,-0.0703125
50,49.7227,-0.0703125
50,49.7227,-0.0703125
50,49.7227,-0.0664063
50,49.7227,-0.0664063
50,49.7227,-0.0664063
50,49.7227,-0.0625
50,49.7227,-0.0625
50,49.7227,-0.0625
50,49.7227,-0.0585938
50,49.7227,-0.0585938
50,49.7227,-0.0585938
50,49.7227,-0.0546875
50,49.7227,-0.0546875
50,49.7227,-0.0546875
50,49.7227,-0.0507813
50,49.7227,-0.0507813
50,49.7227,-0.046875
50,49.7227,-0.046875
50,49.7227,-0.046875
50,49.7227,-0.0429688
50,49.7227,-0.0429688
50,49.7227,-0.0390625
50,49.7227,-0.0390625
50,49.7227,-0.0390625
50,49.7227,-0.0351563
50,49.7227,-0.0351563
50,49.7227,-0.03125
50,49.7227,-0.03125
50,49.7227,-0.0273438
50,49.7227,-0.0273438
50,49.7227,-0.0234375
50,49.7227,-0.0234375
50,49.7227,-0.0195313
50,49.7227,-0.0195313
50,49.7227,-0.0195313
50,49.7227,-0.015625
50,49.7227,-0.015625
50,49.7227,-0.0117188
50,49.7227,-0.0117188
50,49.7227,-0.0078125
50,49.7227,-0.0078125
50,49.7227,-0.00390625
50,49.7227,-0.00390625
50,49.7227,0
50,49.7227,0
50,49.7227,0
50,49.7227,0.00390625
50,49.7227,0.00390625
50,49.7227,0.0078125
50,49.7227,0.0078125
50,49.7227,0.0117188
50,49.7227,0.0117188
50,49.7227,0.015625
50,49.7227,0.015625
50,49.7227,0.0195313
50,49.7227,0.0234375
50,49.7227,0.0234375
50,49.7227,0.0273438
50,49.7227,0.0273438
50,49.7227,0.03125
50,49.7227,0.0351563
50,49.7227,0.0351563
50,49.7227,0.0390625
50,49.7227,0.0390625
50,49.7227,0.0429688
50,49.7227,0.046875
50,49.7227,0.046875
50,49.7227,0.0507813
50,49.7227,0.0507813
50,49.7227,0.0546875
50,49.7227,0.0585938
50,49.7227,0.0585938
50,49.7227,0.0625
50,49.7227,0.0664063
50,49.7227,0.0664063
50,49.7227,0.0703125
50,49.7227,0.0742188
50,49.7227,0.0742188
50,49.7227,0.078125
50,49.7227,0.0820313
50,49.7227,0.0859375
50,49.7227,0.0859375
50,49.7227,0.0898438
50,49.7227,0.09375
50,49.7227,0.09375
50,49.7227,0.0976563
50,49.7227,0.101563
50,49.7227,0.105469
50,49.7227,0.105469
50,49.7227,0.109375
50,49.7344,0.0976563
50,49.75,0.0976563
50,49.75,0.113281
50,49.7617,0.101563
50,49.7734,0.101563
50,49.7969,0.0859375
50,49.8125,0.0976563
50,49.8242,0.0976563
50,49.8242,0.109375
50,49.8359,0.0976563
50,49.8477,0.0976563
50,49.8594,0.0976563
50,49.8594,0.109375
50,49.875,0.0976563
50,49.8867,0.0976563
50,49.8867,0.113281
50,49.8867,0.113281
50,49.8984,0.101563
50,49.9102,0.101563
50,49.9219,0.0976563
50,49.9219,0.113281
50,49.9219,0.117188
50,49.9219,0.117188
50,49.9375,0.105469
50,49.9492,0.101563
50,49.9492,0.117188
50,49.9492,0.117188
50,49.9492,0.121094
50,49.9609,0.109375
50,49.9727,0.105469
50,49.9727,0.121094
50,49.9727,0.121094
50,49.9727,0.125
50,50,0.09375
50,50,0.121094
50,50.0117,0.105469
50,50.0117,0.121094
50,50.0117,0.121094
50,50.0234,0.109375
50,50.0234,0.121094
50,50.0234,0.125
50,50.0352,0.109375
50,50.0469,0.109375
50,50.0469,0.121094
50,50.0625,0.109375
50,50.0625,0.121094
50,50.0625,0.121094
50,50.0625,0.121094
50,50.0742,0.109375
50,50.0859,0.105469
50,50.0859,0.121094
50,50.0859,0.121094
50,50.0859,0.121094
50,50.0977,0.109375
50,50.1094,0.105469
50,50.1094,0.117188
50,50.125,0.105469
50,50.125,0.117188
50,50.125,0.117188
50,50.125,0.117188
50,50.1367,0.105469
50,50.1367,0.117188
50,50.1484,0.101563
50,50.1484,0.113281
50,50.1484,0.117188
50,50.1484,0.117188
50,50.1484,0.117188
50,50.1484,0.117188
50,50.1602,0.101563
50,50.1602,0.113281
50,50.1602,0.113281
50,50.1719,0.101563
50,50.1719,0.113281
50,50.1719,0.113281
50,50.1719,0.113281
50,50.1719,0.113281
50,50.1875,0.0976563
50,50.1875,0.109375
50,50.1875,0.109375
50,50.1875,0.109375
50,50.1875,0.109375
50,50.1875,0.109375
50,50.1875,0.109375
50,50.1875,0.109375
50,50.1992,0.09375
50,50.1992,0.105469
50,50.1992,0.105469
50,50.1992,0.105469
50,50.1992,0.105469
50,50.1992,0.105469
50,50.1992,0.105469
50,50.1992,0.105469
50,50.1992,0.105469
50,50.1992,0.105469
50,50.1992,0.105469
50,50.1992,0.105469
50,50.1992,0.105469
50,50.1992,0.105469
50,50.1992,0.105469
50,50.1992,0.105469
50,50.1992,0.105469
50,50.1992,0.105469
50,50.1992,0.101563
50,50.1992,0.101563
50,50.1992,0.101563
50,50.1992,0.101563
50,50.1992,0.101563
50,50.1992,0.101563
50,50.1992,0.101563
50,50.1992,0.101563
50,50.1992,0.101563
50,50.1992,0.101563
50,50.1992,0.0976563
50,50.1992,0.0976563
50,50.1992,0.0976563
50,50.1992,0.0976563
50,50.1992,0.0976563
50,50.1992,0.0976563
50,50.1992,0.0976563
50,50.1992,0.09375
50,50.1992,0.09375
50,50.1992,0.09375
50,50.1992,0.09375
50,50.1992,0.09375
50,50.1992,0.09375
50,50.1992,0.09375
50,50.1992,0.0898438
50,50.1992,0.0898438
50,50.1992,0.0898438
50,50.1992,0.0898438
50,50.1992,0.0898438
50,50.1992,0.0859375
50,50.1992,0.0859375
50,50.1992,0.0859375
50,50.1992,0.0859375
50,50.1992,0.0859375
50,50.1992,0.0820313
50,50.1992,0.0820313
50,50.1992,0.0820313
50,50.1992,0.0820313
50,50.1992,0.0820313
50,50.1992,0.078125
50,50.1992,0.078125
50,50.1992,0.078125
50,50.1992,0.078125
50,50.1992,0.0742188
50,50.1992,0.0742188
50,50.1992,0.0742188
50,50.1992,0.0742188
50,50.1992,0.0703125
50,50.1992,0.0703125
50,50.1992,0.0703125
50,50.1992,0.0703125
50,50.1992,0.0664063
50,50.1992,0.0664063
50,50.1992,0.0664063
50,50.1992,0.0664063
50,50.1992,0.0625
50,50.1992,0.0625
50,50.1992,0.0625
50,50.1992,0.0585938
50,50.1992,0.0585938
50,50.1992,0.0585938
50,50.1992,0.0585938
50,50.1992,0.0546875
50,50.1992,0.0546875
50,50.1992,0.0546875
50,50.1992,0.0507813
50,50.1992,0.0507813
50,50.1992,0.0507813
50,50.1992,0.046875
50,50.1992,0.046875
50,50.1992,0.046875
50,50.1992,0.0429688
50,50.1992,0.0429688
50,50.1992,0.0429688
50,50.1992,0.0390625
50,50.1992,0.0390625
50,50.1992,0.0390625
50,50.1992,0.0351563
50,50.1992,0.0351563
50,50.1992,0.0351563
50,50.1992,0.03125
50,50.1992,0.03125
50,50.1992,0.0273438
50,50.1992,0.0273438
50,50.1992,0.0273438
50,50.1992,0.0234375
50,50.1992,0.0234375
50,50.1992,0.0234375
50,50.1992,0.0195313
50,50.1992,0.0195313
50,50.1992,0.015625
50,50.1992,0.015625
50,50.1992,0.015625
50,50.1992,0.0117188
50,50.1992,0.0117188
50,50.1992,0.0078125
50,50.1992,0.0078125
50,50.1992,0.00390625
50,50.1992,0.00390625
50,50.1992,0.00390625
50,50.1992,0
50,50.1992,0
50,50.1992,0
50,50.1992,0
50,50.1992,-0.00390625
50,50.1992,-0.00390625
50,50.1992,-0.0078125
50,50.1992,-0.0078125
50,50.1992,-0.0078125
50,50.1992,-0.0117188
50,50.1992,-0.0117188
50,50.1992,-0.015625
50,50.1992,-0.015625
50,50.1992,-0.0195313
50,50.1992,-0.0195313
50,50.1992,-0.0234375
50,50.1992,-0.0234375
50,50.1992,-0.0273438
50,50.1992,-0.0273438
50,50.1992,-0.03125
50,50.1992,-0.03125
50,50.1992,-0.0351563
50,50.1992,-0.0351563
50,50.1992,-0.0390625
50,50.1992,-0.0390625
50,50.1992,-0.0429688
50,50.1992,-0.0429688
50,50.1992,-0.046875
50,50.1992,-0.0507813
50,50.1992,-0.0507813
50,50.1992,-0.0546875
50,50.1992,-0.0546875
50,50.1992,-0.0585938
50,50.1992,-0.0585938
50,50.1992,-0.0625
50,50.1992,-0.0625
50,50.1992,-0.0664063
50,50.1992,-0.0664063
50,50.1992,-0.0703125
50,50.1992,-0.0742188
50,50.1992,-0.0742188
50,50.1992,-0.078125
50,50.1992,-0.078125
50,50.1992,-0.0820313
50,50.1992,-0.0859375
50,50.1992,-0.0859375
50,50.1992,-0.0898438
50,50.1992,-0.0898438
50,50.1992,-0.09375
50,50.1992,-0.0976563
50,50.1992,-0.0976563
50,50.1992,-0.101563
50,50.1992,-0.101563
50,50.1992,-0.105469
50,50.1992,-0.109375
50,50.1992,-0.109375
50,50.1992,-0.113281
50,50.1992,-0.117188
50,50.1992,-0.117188
50,50.1992,-0.121094
50,50.1992,-0.121094
50,50.1992,-0.125
50,50.1875,-0.113281
50,50.1875,-0.128906
50,50.1875,-0.128906
50,50.1719,-0.117188
50,50.1484,-0.101563
50,50.1367,-0.113281
50,50.125,-0.113281
50,50.125,-0.128906
50,50.0977,-0.0976563
50,50.0859,-0.109375
0,50.0742,-0.109375
0,50.0625,-0.414063
0,49.9102,-0.558594
0,49.2969,-0.285156
0,48.3242,-0.0234375
0,47.3477,-0.109375
0,46.4727,-0.308594
0,45.625,-0.441406
0,44.6484,-0.398438
0,43.4609,-0.21875
0,42.2617,-0.222656
0,41.1094,-0.296875
0,40.0117,-0.378906
0,38.8984,-0.390625
0,37.6484,-0.25
0,36.3477,-0.175781
0,35.1094,-0.214844
0,33.9844,-0.328125
0,32.9102,-0.386719
0,31.7344,-0.273438
0,30.5234,-0.207031
0,29.3359,-0.199219
0,28.2227,-0.253906
0,27.1602,-0.292969
0,26.0977,-0.277344
0,25.0742,-0.300781
0,24.0469,-0.285156
0,22.9844,-0.21875
0,21.9609,-0.230469
0,21,-0.273438
0,20.0234,-0.238281
0,19.0625,-0.226563
0,18.125,-0.226563
0,17.1992,-0.214844
0,16.3242,-0.242188
0,15.5234,-0.3125
0,14.6875,-0.257813
0,13.7734,-0.148438
0,12.9102,-0.164063
0,12.1094,-0.203125
0,11.3125,-0.179688
0,10.5625,-0.207031
0,9.84766,-0.230469
0,9.14844,-0.230469
0,8.41016,-0.167969
0,7.71094,-0.183594
0,7.08594,-0.25
0,6.47266,-0.253906
0,5.79688,-0.167969
0,5.10938,-0.125
0,4.47266,-0.148438
0,3.91016,-0.207031
0,3.39844,-0.253906
0,2.82422,-0.175781
0,2.1875,-0.078125
0,1.58594,-0.0820313
0,1.0625,-0.136719
0,0.574219,-0.160156
0,0.0976563,-0.160156
0,-0.386719,-0.128906
0,-0.8125,-0.183594
0,-1.19922,-0.21875
0,-1.58594,-0.214844
0,-2.01172,-0.164063
0,-2.42188,-0.164063
0,-2.82422,-0.160156
0,-3.23438,-0.128906
0,-3.64844,-0.105469
0,-4,-0.15625
0,-4.32422,-0.175781
0,-4.64844,-0.164063
0,-4.97266,-0.152344
0,-5.27344,-0.167969
0,-5.59766,-0.128906
0,-5.98438,-0.0351563
0,-6.35938,-0.015625
0,-6.64844,-0.0859375
0,-6.89844,-0.113281
0,-7.10938,-0.148438
0,-7.32422,-0.144531
0,-7.54688,-0.125
0,-7.78516,-0.0976563
0,-8,-0.113281
0,-8.19922,-0.117188
0,-8.35938,-0.152344
0,-8.5,-0.179688
0,-8.67188,-0.136719
0,-8.89844,-0.0664063
0,-9.14844,-0.015625
0,-9.34766,-0.046875
0,-9.47266,-0.113281
0,-9.54688,-0.171875
0,-9.60938,-0.191406
0,-9.71094,-0.15625
0,-9.84766,-0.109375
0,-9.98438,-0.09375
0,-10.0742,-0.140625
0,-10.1602,-0.136719
0,-10.25,-0.132813
0,-10.3477,-0.113281
0,-10.4375,-0.117188
0,-10.5234,-0.109375
0,-10.5859,-0.128906
0,-10.6367,-0.140625
0,-10.6875,-0.136719
0,-10.75,-0.117188
0,-10.8125,-0.109375
0,-10.8477,-0.132813
0,-10.8867,-0.128906
0,-10.9102,-0.136719
0,-10.9492,-0.117188
0,-10.9609,-0.140625
0,-10.9727,-0.140625
0,-11,-0.121094
0,-11.0117,-0.128906
0,-11.0234,-0.125
0,-11.0234,-0.132813
0,-11.0234,-0.132813
0,-11.0234,-0.128906
0,-11.0234,-0.121094
0,-11.0234,-0.117188
0,-11.0234,-0.109375
0,-11.0234,-0.101563
0,-11.0234,-0.09375
0,-11.0234,-0.0859375
0,-11.0234,-0.078125
0,-11.0234,-0.0664063
0,-11.0234,-0.0546875
0,-11.0234,-0.046875
0,-11.0234,-0.03125
0,-11.0234,-0.0195313
0,-11.0234,-0.00390625
0,-11.0234,0.00390625
0,-11.0234,0.0195313
0,-11.0234,0.0351563
0,-11.0117,0.0390625
0,-11,0.0546875
0,-10.9727,0.0546875
0,-10.9492,0.0664063
0,-10.9102,0.0664063
0,-10.8594,0.0625
0,-10.8242,0.0859375
0,-10.7734,0.0820313
0,-10.7344,0.105469
0,-10.6719,0.0898438
0,-10.5977,0.0820313
0,-10.5234,0.0898438
0,-10.4492,0.09375
0,-10.3867,0.113281
0,-10.3125,0.109375
0,-10.2344,0.113281
0,-10.1484,0.105469
0,-10.0742,0.125
0,-9.98438,0.117188
0,-9.89844,0.121094
0,-9.82422,0.136719
0,-9.72266,0.117188
0,-9.59766,0.0859375
0,-9.48438,0.0976563
0,-9.375,0.0976563
0,-9.27344,0.109375
0,-9.1875,0.125
0,-9.125,0.160156
0,-9.07422,0.1875
0,-9,0.167969
0,-8.91016,0.164063
0,-8.8125,0.152344
0,-8.73438,0.183594
0,-8.64844,0.179688
0,-8.52344,0.136719
0,-8.35938,0.0898438
0,-8.1875,0.0625
0,-8.02344,0.0625
0,-7.89844,0.09375
0,-7.82422,0.148438
0,-7.75,0.152344
0,-7.64844,0.128906
0,-7.51172,0.0859375
0,-7.39844,0.109375
0,-7.29688,0.121094
0,-7.19922,0.121094
0,-7.10938,0.136719
0,-7.02344,0.136719
0,-6.92188,0.125
0,-6.8125,0.113281
0,-6.72266,0.136719
0,-6.64844,0.15625
0,-6.54688,0.128906
0,-6.42188,0.101563
0,-6.29688,0.09375
0,-6.17188,0.0859375
0,-6.07422,0.109375
0,-6.01172,0.152344
0,-5.96094,0.175781
0,-5.89844,0.167969
0,-5.8125,0.144531
0,-5.73438,0.164063
0,-5.69922,0.210938
0,-5.66016,0.222656
0,-5.58594,0.191406
0,-5.47266,0.152344
0,-5.375,0.160156
0,-5.27344,0.160156
0,-5.13672,0.113281
0,-4.94922,0.0429688
0,-4.78516,0.046875
0,-4.64844,0.0585938
0,-4.5625,0.105469
0,-4.5,0.132813
0,-4.42188,0.121094
0,-4.32422,0.0898438
0,-4.25,0.117188
0,-4.17188,0.117188
0,-4.09766,0.117188
0,-4.02344,0.117188
0,-3.96094,0.128906
0,-3.91016,0.148438
0,-3.83594,0.121094
0,-3.75,0.105469
0,-3.66016,0.101563
0,-3.58594,0.113281
0,-3.51172,0.113281
0,-3.42188,0.09375
0,-3.34766,0.105469
0,-3.29688,0.132813
0,-3.26172,0.152344
0,-3.21094,0.144531
0,-3.16016,0.144531
0,-3.10938,0.148438
0,-3.0625,0.152344
0,-3.01172,0.15625
0,-2.96094,0.160156
0,-2.92188,0.175781
0,-2.85938,0.152344
0,-2.8125,0.167969
0,-2.76172,0.167969
0,-2.69922,0.15625
0,-2.60938,0.125
0,-2.5,0.0898438
0,-2.375,0.0625
0,-2.23438,0.03125
0,-2.09766,0.0117188
0,-1.98438,0.0195313
0,-1.89844,0.0351563
0,-1.84766,0.0664063
0,-1.8125,0.0820313
0,-1.78516,0.0976563
0,-1.76172,0.101563
0,-1.71094,0.0742188
0,-1.66016,0.0742188
0,-1.625,0.0859375
0,-1.57422,0.0703125
0,-1.53516,0.0859375
0,-1.48438,0.0703125
0,-1.44922,0.0820313
0,-1.41016,0.0820313
0,-1.375,0.0820313
0,-1.32422,0.0664063
0,-1.28516,0.078125
0,-1.26172,0.0898438
0,-1.23438,0.09375
0,-1.19922,0.0820313
0,-1.16016,0.0820313
0,-1.13672,0.09375
0,-1.09766,0.0820313
0,-1.0625,0.078125
0,-1.03516,0.09375
0,-1,0.078125
0,-0.972656,0.09375
0,-0.960938,0.109375
0,-0.921875,0.0820313
0,-0.898438,0.09375
0,-0.859375,0.0820313
0,-0.835938,0.09375
0,-0.824219,0.109375
0,-0.8125,0.113281
0,-0.773438,0.0859375
0,-0.734375,0.0859375
0,-0.710938,0.0976563
0,-0.6875,0.0976563
0,-0.660156,0.0976563
0,-0.625,0.0820313
0,-0.585938,0.078125
0,-0.546875,0.0742188
0,-0.523438,0.0859375
0,-0.5,0.0859375
0,-0.449219,0.0546875
0,-0.398438,0.046875
0,-0.359375,0.0546875
0,-0.324219,0.0507813
0,-0.273438,0.03125
0,-0.234375,0.0390625
0,-0.210938,0.046875
0,-0.199219,0.0585938
0,-0.199219,0.0742188
0,-0.199219,0.078125
0,-0.1875,0.0664063
0,-0.1875,0.0820313
0,-0.171875,0.0703125
0,-0.171875,0.0859375
0,-0.171875,0.0898438
0,-0.160156,0.078125
0,-0.148438,0.078125
0,-0.148438,0.09375
0,-0.148438,0.09375
0,-0.136719,0.0820313
0,-0.125,0.0820313
0,-0.125,0.0976563
0,-0.125,0.101563
0,-0.109375,0.0898438
0,-0.109375,0.105469
0,-0.0976563,0.09375
0,-0.0976563,0.105469
0,-0.0976563,0.109375
0,-0.0859375,0.0976563
0,-0.0742188,0.0976563
0,-0.0742188,0.113281
0,-0.0742188,0.113281
0,-0.0742188,0.117188
0,-0.0625,0.105469
0,-0.046875,0.105469
0,-0.046875,0.121094
0,-0.046875,0.121094
0,-0.0351563,0.109375
0,-0.0351563,0.125
0,-0.0234375,0.113281
0,-0.0234375,0.125
0,-0.0234375,0.128906
0,-0.0117188,0.117188
0,-0.0117188,0.128906
0,0,0.117188
0,0,0.132813
0,0.0117188,0.121094
0,0.0117188,0.132813
0,0.0117188,0.136719
0,0.0234375,0.125
0,0.0234375,0.136719
0,0.0351563,0.125
0,0.0351563,0.140625
0,0.0351563,0.140625
0,0.046875,0.128906
0,0.046875,0.140625
0,0.046875,0.144531
0,0.0625,0.132813
0,0.0625,0.144531
0,0.0625,0.148438
0,0.0742188,0.132813
0,0.0742188,0.148438
0,0.0742188,0.148438
0,0.0742188,0.152344
0,0.0859375,0.136719
0,0.0859375,0.152344
0,0.0976563,0.136719
0,0.0976563,0.152344
0,0.0976563,0.152344
0,0.0976563,0.15625
0,0.109375,0.140625
0,0.125,0.140625
0,0.136719,0.140625
0,0.136719,0.152344
0,0.136719,0.152344
0,0.148438,0.140625
0,0.148438,0.152344
0,0.148438,0.15625
0,0.148438,0.15625
0,0.160156,0.140625
0,0.160156,0.15625
0,0.160156,0.15625
0,0.160156,0.15625
0,0.171875,0.144531
0,0.171875,0.15625
0,0.171875,0.15625
0,0.171875,0.160156
0,0.171875,0.160156
0,0.1875,0.144531
0,0.1875,0.15625
0,0.1875,0.160156
0,0.1875,0.160156
0,0.1875,0.160156
0,0.1875,0.160156
0,0.199219,0.148438
0,0.199219,0.160156
0,0.199219,0.160156
0,0.199219,0.160156
0,0.199219,0.160156
0,0.210938,0.148438
0,0.210938,0.160156
0,0.210938,0.160156
0,0.210938,0.160156
0,0.210938,0.160156
0,0.222656,0.148438
0,0.222656,0.160156
0,0.222656,0.160156
0,0.222656,0.160156
0,0.222656,0.160156
0,0.222656,0.160156
0,0.222656,0.160156
0,0.222656,0.160156
0,0.222656,0.164063
0,0.222656,0.164063
0,0.222656,0.164063
0,0.222656,0.164063
0,0.222656,0.164063
0,0.234375,0.148438
0,0.234375,0.160156
0,0.234375,0.160156
0,0.234375,0.160156
0,0.234375,0.160156
0,0.234375,0.160156
0,0.234375,0.160156
0,0.234375,0.160156
0,0.234375,0.160156
0,0.234375,0.160156
0,0.234375,0.160156
0,0.234375,0.160156
0,0.234375,0.160156
0,0.234375,0.160156
0,0.234375,0.160156
0,0.234375,0.160156
0,0.234375,0.160156
0,0.234375,0.160156
0,0.234375,0.160156
0,0.234375,0.160156
0,0.234375,0.160156
0,0.234375,0.160156
0,0.234375,0.160156
0,0.234375,0.160156
0,0.234375,0.160156
0,0.234375,0.160156
0,0.234375,0.160156
0,0.234375,0.160156
0,0.234375,0.15625
0,0.234375,0.15625
0,0.234375,0.15625
0,0.234375,0.15625
0,0.234375,0.15625
0,0.234375,0.15625
0,0.234375,0.15625
0,0.234375,0.15625
0,0.234375,0.15625
0,0.234375,0.15625
0,0.234375,0.152344
0,0.234375,0.152344
0,0.234375,0.152344
0,0.234375,0.152344
0,0.234375,0.152344
0,0.234375,0.152344
0,0.234375,0.152344
0,0.234375,0.148438
0,0.234375,0.148438
0,0.234375,0.148438
0,0.234375,0.148438
0,0.234375,0.148438
0,0.234375,0.148438
0,0.234375,0.144531
0,0.234375,0.144531
0,0.234375,0.144531
0,0.234375,0.144531
0,0.234375,0.144531
0,0.234375,0.144531
0,0.234375,0.140625
0,0.234375,0.140625
0,0.234375,0.140625
0,0.234375,0.140625
0,0.234375,0.136719
0,0.234375,0.136719
0,0.234375,0.136719
0,0.234375,0.136719
0,0.234375,0.136719
0,0.234375,0.132813
0,0.234375,0.132813
0,0.234375,0.132813
0,0.234375,0.132813
0,0.234375,0.128906
0,0.234375,0.128906
0,0.234375,0.128906
0,0.234375,0.128906
0,0.234375,0.125
0,0.234375,0.125
0,0.234375,0.125
0,0.234375,0.121094
0,0.234375,0.121094
0,0.234375,0.121094
0,0.234375,0.121094
0,0.234375,0.117188
0,0.234375,0.117188
0,0.234375,0.117188
0,0.234375,0.113281
0,0.234375,0.113281
0,0.234375,0.113281
0,0.234375,0.109375
0,0.234375,0.109375
0,0.234375,0.109375
0,0.234375,0.105469
0,0.234375,0.105469
0,0.234375,0.105469
0,0.234375,0.101563
0,0.234375,0.101563
0,0.234375,0.101563
0,0.234375,0.0976563
0,0.234375,0.0976563
0,0.234375,0.0976563
0,0.234375,0.09375
0,0.234375,0.09375
0,0.234375,0.0898438
0,0.234375,0.0898438
0,0.234375,0.0898438
0,0.234375,0.0859375
0,0.234375,0.0859375
0,0.234375,0.0820313
0,0.234375,0.0820313
0,0.234375,0.0820313
0,0.234375,0.078125
0,0.234375,0.078125
0,0.234375,0.0742188
0,0.234375,0.0742188
0,0.234375,0.0703125
0,0.234375,0.0703125
0,0.234375,0.0703125
0,0.234375,0.0664063
0,0.234375,0.0664063
0,0.234375,0.0625
0,0.234375,0.0625
0,0.234375,0.0585938
0,0.234375,0.0585938
0,0.234375,0.0546875
0,0.234375,0.0546875
0,0.234375,0.0507813
0,0.234375,0.0507813
0,0.234375,0.046875
0,0.234375,0.046875
0,0.234375,0.046875
0,0.234375,0.0429688
0,0.234375,0.0429688
0,0.234375,0.0390625
0,0.234375,0.0351563
0,0.234375,0.0351563
0,0.222656,0.046875
0,0.222656,0.0351563
0,0.222656,0.03125
0,0.222656,0.03125
0,0.222656,0.0273438
0,0.222656,0.0273438
0,0.222656,0.0234375
0,0.222656,0.0234375
0,0.222656,0.0195313
0,0.222656,0.0195313
0,0.222656,0.015625
0,0.222656,0.0117188
0,0.222656,0.0117188
0,0.222656,0.0078125
0,0.222656,0.0078125
0,0.222656,0.00390625
0,0.222656,0.00390625
0,0.222656,0
0,0.222656,0
0,0.222656,0
0,0.222656,-0.00390625
0,0.222656,-0.00390625
0,0.222656,-0.0078125
0,0.222656,-0.0078125
0,0.222656,-0.0117188
0,0.222656,-0.015625
0,0.222656,-0.015625
0,0.222656,-0.0195313
0,0.222656,-0.0195313
0,0.222656,-0.0234375
0,0.222656,-0.0273438
0,0.222656,-0.0273438
0,0.222656,-0.03125
0,0.222656,-0.0351563
0,0.210938,-0.0195313
0,0.210938,-0.0351563
0,0.210938,-0.0390625
0,0.199219,-0.0234375
0,0.199219,-0.0390625
0,0.1875,-0.0273438
0,0.1875,-0.0429688
0,0.1875,-0.0429688
0,0.171875,-0.03125
0,0.171875,-0.046875
0,0.171875,-0.046875
0,0.160156,-0.0351563
0,0.160156,-0.0507813
0,0.160156,-0.0507813
0,0.160156,-0.0546875
0,0.148438,-0.0429688
0,0.148438,-0.0546875
0,0.148438,-0.0585938
0,0.148438,-0.0585938
0,0.136719,-0.046875
0,0.136719,-0.0625
0,0.125,-0.0507813
0,0.125,-0.0625
0,0.125,-0.0664063
0,0.125,-0.0664063
0,0.109375,-0.0546875
0,0.109375,-0.0703125
0,0.109375,-0.0703125
0,0.0976563,-0.0585938
0,0.0976563,-0.0703125
0,0.0976563,-0.0742188
0,0.0859375,-0.0625
0,0.0859375,-0.0742188
0,0.0859375,-0.078125
0,0.0742188,-0.0625
0,0.0742188,-0.078125
0,0.0742188,-0.078125
0,0.0742188,-0.0820313
0,0.0625,-0.0703125
0,0.0625,-0.0820313
0,0.046875,-0.0703125
0,0.046875,-0.0820313
0,0.046875,-0.0859375
0,0.046875,-0.0859375
0,0.0351563,-0.0742188
0,0.0351563,-0.0859375
0,0.0351563,-0.0898438
0,0.0234375,-0.078125
0,0.0234375,-0.0898438
0,0.0234375,-0.0898438
0,0.0234375,-0.09375
0,0.0117188,-0.0820313
0,0.0117188,-0.09375
0,0.0117188,-0.09375
0,0,-0.0820313
0,0,-0.09375
0,0,-0.0976563
0,0,-0.0976563
0,-0.0117188,-0.0859375
0,-0.0117188,-0.0976563
0,-0.0117188,-0.101563
0,-0.0234375,-0.0859375
0,-0.0234375,-0.101563
0,-0.0234375,-0.101563
0,-0.0234375,-0.101563
0,-0.0234375,-0.105469
0,-0.0351563,-0.0898438
0,-0.0351563,-0.105469
0,-0.0351563,-0.105469
0,-0.0351563,-0.105469
0,-0.046875,-0.09375
0,-0.046875,-0.105469
0,-0.046875,-0.105469
0,-0.046875,-0.109375
0,-0.0625,-0.09375
0,-0.0625,-0.109375
0,-0.0625,-0.109375
0,-0.0625,-0.109375
0,-0.0625,-0.109375
0,-0.0742188,-0.0976563
0,-0.0742188,-0.109375
0,-0.0742188,-0.109375
0,-0.0742188,-0.113281
0,-0.0859375,-0.0976563
0,-0.0859375,-0.109375
0,-0.0859375,-0.113281
0,-0.0859375,-0.113281
0,-0.0976563,-0.0976563
0,-0.0976563,-0.113281
0,-0.0976563,-0.113281
0,-0.0976563,-0.113281
0,-0.0976563,-0.113281
0,-0.0976563,-0.113281
0,-0.109375,-0.101563
0,-0.109375,-0.113281
0,-0.109375,-0.113281
0,-0.109375,-0.113281
0,-0.109375,-0.117188
0,-0.109375,-0.117188
0,-0.109375,-0.117188
0,-0.125,-0.101563
0,-0.125,-0.113281
0,-0.125,-0.117188
0,-0.125,-0.117188
0,-0.125,-0.117188
0,-0.125,-0.117188
0,-0.125,-0.117188
0,-0.125,-0.117188
0,-0.125,-0.117188
0,-0.136719,-0.105469
0,-0.136719,-0.117188
0,-0.136719,-0.117188
0,-0.136719,-0.117188
0,-0.136719,-0.117188
0,-0.136719,-0.117188
0,-0.136719,-0.117188
0,-0.136719,-0.117188
0,-0.136719,-0.121094
0,-0.136719,-0.121094
0,-0.136719,-0.121094
0,-0.148438,-0.105469
0,-0.148438,-0.117188
0,-0.148438,-0.117188
0,-0.148438,-0.117188
0,-0.148438,-0.117188
0,-0.148438,-0.117188
0,-0.148438,-0.117188
0,-0.148438,-0.117188
0,-0.148438,-0.117188
0,-0.148438,-0.117188
0,-0.148438,-0.117188
0,-0.148438,-0.121094
0,-0.148438,-0.121094
0,-0.148438,-0.121094
0,-0.148438,-0.121094
0,-0.148438,-0.121094
0,-0.148438,-0.121094
0,-0.148438,-0.121094
0,-0.148438,-0.121094
0,-0.148438,-0.121094
0,-0.148438,-0.121094
0,-0.148438,-0.121094
0,-0.148438,-0.121094
0,-0.148438,-0.121094
0,-0.148438,-0.121094
0,-0.148438,-0.121094
0,-0.148438,-0.121094
0,-0.148438,-0.121094
0,-0.148438,-0.121094
0,-0.148438,-0.121094
0,-0.148438,-0.121094
0,-0.148438,-0.121094
0,-0.148438,-0.121094
0,-0.148438,-0.121094
0,-0.148438,-0.121094
0,-0.148438,-0.117188
0,-0.148438,-0.117188
0,-0.148438,-0.117188
0,-0.148438,-0.117188
0,-0.148438,-0.117188
0,-0.148438,-0.117188
0,-0.148438,-0.117188
0,-0.148438,-0.117188
0,-0.148438,-0.117188
0,-0.148438,-0.117188
0,-0.148438,-0.117188
0,-0.148438,-0.117188
0,-0.148438,-0.117188
0,-0.148438,-0.117188
0,-0.148438,-0.117188
0,-0.148438,-0.117188
0,-0.148438,-0.117188
0,-0.148438,-0.117188
0,-0.148438,-0.113281
0,-0.148438,-0.113281
0,-0.160156,-0.0976563
0,-0.160156,-0.109375
0,-0.160156,-0.109375
0,-0.160156,-0.109375
0,-0.160156,-0.109375
0,-0.160156,-0.109375
0,-0.160156,-0.109375
0,-0.160156,-0.109375
0,-0.160156,-0.109375
0,-0.160156,-0.105469
0,-0.160156,-0.105469
0,-0.160156,-0.105469
0,-0.160156,-0.105469
0,-0.160156,-0.105469
0,-0.160156,-0.105469
0,-0.160156,-0.105469
0,-0.160156,-0.105469
0,-0.160156,-0.101563
0,-0.160156,-0.101563
0,-0.160156,-0.101563
0,-0.160156,-0.101563
0,-0.160156,-0.101563
0,-0.160156,-0.101563
0,-0.160156,-0.0976563
0,-0.160156,-0.0976563
0,-0.160156,-0.0976563
0,-0.160156,-0.0976563
0,-0.160156,-0.0976563
0,-0.160156,-0.09375
0,-0.160156,-0.09375
0,-0.160156,-0.09375
0,-0.160156,-0.09375
0,-0.160156,-0.09375
0,-0.160156,-0.09375
0,-0.160156,-0.0898438
0,-0.160156,-0.0898438
0,-0.160156,-0.0898438
0,-0.160156,-0.0898438
0,-0.160156,-0.0898438
0,-0.160156,-0.0859375
0,-0.160156,-0.0859375
0,-0.160156,-0.0859375
0,-0.160156,-0.0859375
0,-0.160156,-0.0820313
0,-0.160156,-0.0820313
0,-0.160156,-0.0820313
0,-0.160156,-0.0820313
0,-0.160156,-0.078125
0,-0.160156,-0.078125
0,-0.160156,-0.078125
0,-0.160156,-0.078125
0,-0.160156,-0.078125
0,-0.160156,-0.0742188
0,-0.160156,-0.0742188
50,-0.160156,-0.0742188
50,-0.160156,0.230469
50,-0.0976563,0.464844
50,0.1875,0.496094
50,0.824219,0.328125
50,1.76172,0.132813
50,2.69922,0.230469
50,3.54688,0.425781
50,4.47266,0.445313
50,5.625,0.265625
50,6.88672,0.167969
50,8.125,0.199219
50,9.25,0.339844
50,10.3594,0.378906
50,11.5234,0.34375
50,12.7734,0.25
50,14.0352,0.21875
50,15.2227,0.285156
50,16.3594,0.332031
50,17.5234,0.296875
50,18.7227,0.238281
50,19.8867,0.253906
50,20.9844,0.304688
50,22.0469,0.332031
50,23.1602,0.261719
50,24.2852,0.21875
50,25.375,0.230469
50,26.4219,0.242188
50,27.4219,0.273438
50,28.3984,0.28125
50,29.3867,0.25
50,30.375,0.222656
50,31.3125,0.25
50,32.2227,0.253906
50,33.125,0.246094
50,34.0234,0.222656
50,34.9375,0.179688
50,35.8125,0.1875
50,36.6367,0.214844
50,37.4102,0.253906
50,38.1719,0.25
50,38.9492,0.21875
50,39.6992,0.226563
50,40.4609,0.1875
50,41.2109,0.175781
50,41.9219,0.1875
50,42.5859,0.222656
50,43.2227,0.238281
50,43.9102,0.164063
50,44.5977,0.132813
50,45.2227,0.175781
50,45.7969,0.210938
50,46.3594,0.210938
50,46.9492,0.167969
50,47.5117,0.175781
50,48.0469,0.183594
50,48.5469,0.210938
50,49.0234,0.226563
50,49.5625,0.144531
50,50.0977,0.117188
50,50.5859,0.144531
50,51.0234,0.183594
50,51.4219,0.214844
50,51.8594,0.164063
50,52.3477,0.0859375
50,52.8242,0.0703125
50,53.2734,0.0664063
50,53.6484,0.125
50,54.0117,0.125
50,54.3359,0.15625
50,54.5977,0.21875
50,54.8477,0.238281
50,55.2109,0.109375
50,55.6094,0.0429688
50,55.9492,0.0820313
50,56.2109,0.148438
50,56.4219,0.203125
50,56.6602,0.175781
50,56.9375,0.125
50,57.1875,0.136719
50,57.3867,0.1875
50,57.5859,0.183594
50,57.8594,0.0898438
50,58.1602,0.0351563
50,58.4375,0.0351563
50,58.6602,0.0664063
50,58.8359,0.105469
50,58.9844,0.128906
50,59.1367,0.125
50,59.2734,0.132813
50,59.4102,0.128906
50,59.5625,0.105469
50,59.7227,0.0820313
50,59.8867,0.0664063
50,60.0117,0.09375
50,60.0742,0.160156
50,60.125,0.179688
50,60.1719,0.1875
50,60.2617,0.144531
50,60.3359,0.15625
50,60.375,0.199219
50,60.4219,0.1875
50,60.4844,0.171875
50,60.5742,0.140625
50,60.6719,0.113281
50,60.7617,0.113281
50,60.8867,0.0585938
50,61.0234,0.0195313
50,61.1484,0.0078125
50,61.2344,0.0234375
50,61.2969,0.0351563
50,61.3242,0.0664063
50,61.3359,0.0742188
50,61.3477,0.0703125
50,61.3477,0.0820313
50,61.3477,0.078125
50,61.3594,0.0585938
50,61.3594,0.0664063
50,61.3594,0.0625
50,61.3594,0.0546875
50,61.3594,0.046875
50,61.3594,0.0390625
50,61.3594,0.03125
50,61.3594,0.0234375
50,61.3594,0.0117188
50,61.3594,0
50,61.3594,-0.0078125
50,61.3594,-0.0195313
50,61.3594,-0.03125
50,61.3594,-0.046875
50,61.3594,-0.0625
50,61.3594,-0.078125
50,61.3594,-0.09375
50,61.3594,-0.109375
50,61.3594,-0.128906
50,61.3477,-0.132813
50,61.3359,-0.148438
50,61.2969,-0.136719
50,61.25,-0.132813
50,61.1719,-0.113281
50,61.1094,-0.128906
50,61.0625,-0.152344
50,61.0117,-0.164063
50,60.9375,-0.144531
50,60.8477,-0.132813
50,60.7852,-0.167969
50,60.7227,-0.175781
50,60.5977,-0.109375
50,60.4219,-0.046875
50,60.2344,-0.0117188
50,60.0469,0.00390625
50,59.9102,-0.03125
50,59.8242,-0.0820313
50,59.7852,-0.144531
50,59.7617,-0.171875
50,59.7227,-0.175781
50,59.625,-0.117188
50,59.5234,-0.117188
50,59.4375,-0.132813
50,59.3594,-0.152344
50,59.2734,-0.144531
50,59.1484,-0.101563
50,59.0117,-0.0820313
50,58.8984,-0.105469
50,58.8242,-0.148438
50,58.7344,-0.140625
50,58.625,-0.113281
50,58.5234,-0.125
50,58.4219,-0.128906
50,58.3359,-0.144531
50,58.2344,-0.132813
50,58.125,-0.117188
50,58.0117,-0.117188
50,57.8984,-0.113281
50,57.8242,-0.15625
50,57.75,-0.160156
50,57.6875,-0.183594
50,57.5977,-0.164063
50,57.5,-0.152344
50,57.3594,-0.105469
50,57.1992,-0.0703125
50,57.0234,-0.0390625
50,56.8477,-0.0195313
50,56.6875,-0.015625
50,56.5742,-0.0585938
50,56.5117,-0.113281
50,56.4727,-0.152344
50,56.4219,-0.148438
50,56.3359,-0.113281
50,56.2344,-0.101563
50,56.1602,-0.128906
50,56.0742,-0.117188
50,55.9844,-0.117188
50,55.8984,-0.117188
50,55.7852,-0.0898438
50,55.6875,-0.0976563
50,55.5859,-0.09375
50,55.5117,-0.121094
50,55.4219,-0.109375
50,55.3477,-0.125
50,55.2734,-0.125
50,55.1719,-0.0976563
50,55.0859,-0.109375
50,55.0117,-0.125
50,54.9492,-0.140625
50,54.8867,-0.144531
50,54.8359,-0.164063
50,54.75,-0.128906
50,54.6367,-0.0976563
50,54.5,-0.0585938
50,54.3359,-0.015625
50,54.1719,0
50,54.0234,0.0078125
50,53.9375,-0.0429688
50,53.9102,-0.113281
50,53.9102,-0.152344
50,53.8984,-0.15625
50,53.8477,-0.125
50,53.7852,-0.113281
50,53.75,-0.144531
50,53.7344,-0.183594
50,53.7109,-0.179688
50,53.6484,-0.144531
50,53.5742,-0.132813
50,53.5234,-0.160156
50,53.4727,-0.167969
50,53.3984,-0.140625
50,53.2969,-0.109375
50,53.2109,-0.117188
50,53.1367,-0.125
50,53.0742,-0.136719
50,53.0234,-0.152344
50,52.9492,-0.125
50,52.8477,-0.09375
50,52.7852,-0.128906
50,52.75,-0.15625
50,52.6875,-0.132813
50,52.6094,-0.117188
50,52.5625,-0.140625
50,52.5117,-0.144531
50,52.4492,-0.128906
50,52.3867,-0.128906
50,52.3359,-0.140625
50,52.2852,-0.140625
50,52.2227,-0.128906
50,52.1719,-0.140625
50,52.1094,-0.125
50,52.0469,-0.121094
50,52,-0.132813
50,51.9492,-0.132813
50,51.9102,-0.148438
50,51.8594,-0.136719
50,51.8242,-0.148438
50,51.7852,-0.152344
50,51.75,-0.152344
50,51.7227,-0.171875
50,51.6719,-0.144531
50,51.6367,-0.160156
50,51.5859,-0.144531
50,51.5352,-0.144531
50,51.4844,-0.140625
50,51.4375,-0.140625
50,51.3867,-0.136719
50,51.2969,-0.0898438
50,51.1992,-0.0625
50,51.0977,-0.046875
50,51.0117,-0.046875
50,50.9375,-0.046875
50,50.875,-0.0546875
50,50.8477,-0.0898438
50,50.8242,-0.0898438
50,50.8125,-0.105469
50,50.7969,-0.109375
50,50.7734,-0.0976563
50,50.75,-0.0976563
50,50.7227,-0.0976563
50,50.7109,-0.113281
50,50.6992,-0.117188
50,50.6719,-0.105469
50,50.6602,-0.117188
50,50.6367,-0.105469
50,50.6094,-0.105469
50,50.5977,-0.121094
50,50.5977,-0.136719
50,50.5742,-0.113281
50,50.5469,-0.113281
50,50.5234,-0.113281
50,50.5117,-0.128906
50,50.5117,-0.144531
50,50.4844,-0.121094
50,50.4609,-0.117188
50,50.4492,-0.132813
50,50.4375,-0.136719
50,50.4219,-0.136719
50,50.3984,-0.125
50,50.375,-0.121094
50,50.3477,-0.121094
50,50.3242,-0.121094
50,50.3125,-0.132813
50,50.2852,-0.121094
50,50.2617,-0.117188
50,50.2344,-0.117188
50,50.2109,-0.113281
50,50.1875,-0.113281
50,50.1602,-0.109375
50,50.1484,-0.121094
50,50.125,-0.109375
50,50.0859,-0.0898438
50,50.0625,-0.101563
50,50.0469,-0.113281
50,50.0352,-0.113281
50,50.0234,-0.109375
50,50,-0.0976563
50,49.9727,-0.09375
50,49.9492,-0.0898438
50,49.9492,-0.117188
50,49.9375,-0.101563
50,49.9219,-0.101563
50,49.8984,-0.0859375
50,49.8984,-0.113281
50,49.8867,-0.0976563
50,49.8867,-0.113281
50,49.875,-0.0976563
50,49.8594,-0.0976563
50,49.8477,-0.0976563
50,49.8477,-0.109375
50,49.8477,-0.113281
50,49.8359,-0.0976563
50,49.8359,-0.113281
50,49.8242,-0.0976563
50,49.8242,-0.113281
50,49.8125,-0.0976563
50,49.8125,-0.109375
50,49.7969,-0.0976563
50,49.7969,-0.109375
50,49.7969,-0.109375
50,49.7852,-0.0976563
50,49.7852,-0.109375
50,49.7852,-0.113281
50,49.7734,-0.0976563
50,49.7734,-0.109375
50,49.7734,-0.109375
50,49.7734,-0.113281
50,49.7734,-0.113281
50,49.7734,-0.113281
50,49.7734,-0.113281
50,49.7617,-0.101563
50,49.7617,-0.113281
50,49.7617,-0.113281
50,49.7617,-0.113281
50,49.7617,-0.113281
50,49.7617,-0.113281
50,49.75,-0.101563
50,49.75,-0.113281
50,49.75,-0.113281
50,49.75,-0.113281
50,49.7344,-0.101563
50,49.7344,-0.113281
50,49.7344,-0.113281
50,49.7344,-0.113281
50,49.7344,-0.113281
50,49.7344,-0.113281
50,49.7227,-0.0976563
50,49.7227,-0.109375
50,49.7227,-0.109375
50,49.7227,-0.109375
50,49.7227,-0.109375
50,49.7227,-0.109375
50,49.7227,-0.109375
50,49.7227,-0.109375
50,49.7227,-0.109375
50,49.7227,-0.109375
50,49.7227,-0.109375
50,49.7227,-0.109375
50,49.7227,-0.109375
50,49.7227,-0.109375
50,49.7227,-0.109375
50,49.7227,-0.109375
50,49.7227,-0.109375
50,49.7227,-0.109375
50,49.7227,-0.109375
50,49.7227,-0.109375
50,49.7227,-0.109375
50,49.7227,-0.109375
50,49.7227,-0.109375
50,49.7227,-0.109375
50,49.7227,-0.109375
50,49.7227,-0.109375
50,49.7227,-0.109375
50,49.7227,-0.109375
50,49.7227,-0.109375
50,49.7227,-0.105469
50,49.7227,-0.105469
50,49.7227,-0.105469
50,49.7227,-0.105469
50,49.7227,-0.105469
50,49.7227,-0.105469
50,49.7227,-0.105469
50,49.7227,-0.105469
50,49.7227,-0.105469
50,49.7227,-0.101563
50,49.7227,-0.101563
50,49.7227,-0.101563
50,49.7227,-0.101563
50,49.7227,-0.101563
50,49.7227,-0.101563
50,49.7227,-0.0976563
50,49.7227,-0.0976563
50,49.7227,-0.0976563
50,49.7227,-0.0976563
50,49.7227,-0.0976563
50,49.7227,-0.0976563
50,49.7227,-0.09375
50,49.7227,-0.09375
50,49.7227,-0.09375
50,49.7227,-0.09375
50,49.7227,-0.0898438
50,49.7227,-0.0898438
50,49.7227,-0.0898438
50,49.7227,-0.0898438
50,49.7227,-0.0898438
50,49.7227,-0.0859375
50,49.7227,-0.0859375
50,49.7227,-0.0859375
50,49.7227,-0.0859375
50,49.7227,-0.0820313
50,49.7227,-0.0820313
50,49.7227,-0.0820313
50,49.7227,-0.0820313
50,49.7227,-0.078125
50,49.7227,-0.078125
50,49.7227,-0.078125
50,49.7227,-0.0742188
50,49.7227,-0.0742188
50,49.7227,-0.0742188
50,49.7227,-0.0703125
50,49.7227,-0.0703125
50,49.7227,-0.0703125
50,49.7227,-0.0703125
50,49.7227,-0.0664063
50,49.7227,-0.0664063
50,49.7227,-0.0664063
50,49.7227,-0.0625
50,49.7227,-0.0625
50,49.7227,-0.0585938
50,49.7227,-0.0585938
50,49.7227,-0.0585938
50,49.7227,-0.0546875
50,49.7227,-0.0546875
50,49.7227,-0.0546875
50,49.7227,-0.0507813
50,49.7227,-0.0507813
50,49.7227,-0.0507813
50,49.7227,-0.046875
50,49.7227,-0.046875
50,49.7227,-0.0429688
50,49.7227,-0.0429688
50,49.7227,-0.0390625
50,49.7227,-0.0390625
50,49.7227,-0.0390625
50,49.7227,-0.0351563
50,49.7227,-0.0351563
50,49.7227,-0.03125
50,49.7227,-0.03125
50,49.7227,-0.0273438
50,49.7227,-0.0273438
50,49.7227,-0.0273438
50,49.7227,-0.0234375
50,49.7227,-0.0234375
50,49.7227,-0.0195313
50,49.7227,-0.0195313
50,49.7227,-0.015625
50,49.7227,-0.015625
50,49.7227,-0.0117188
50,49.7227,-0.0117188
50,49.7227,-0.0078125
50,49.7227,-0.0078125
50,49.7227,-0.00390625
50,49.7227,-0.00390625
50,49.7227,0
50,49.7227,0
50,49.7227,0
50,49.7227,0
50,49.7227,0.00390625
50,49.7227,0.00390625
50,49.7227,0.0078125
50,49.7227,0.0117188
50,49.7227,0.0117188
50,49.7227,0.015625
50,49.7227,0.015625
50,49.7227,0.0195313
50,49.7227,0.0195313
50,49.7227,0.0234375
50,49.7227,0.0273438
50,49.7227,0.0273438
50,49.7227,0.03125
50,49.7227,0.03125
50,49.7227,0.0351563
50,49.7227,0.0390625
50,49.7227,0.0390625
50,49.7227,0.0429688
50,49.7227,0.0429688
50,49.7227,0.046875
50,49.7227,0.0507813
50,49.7227,0.0507813
50,49.7227,0.0546875
50,49.7227,0.0585938
50,49.7227,0.0585938
50,49.7227,0.0625
50,49.7227,0.0664063
50,49.7227,0.0664063
50,49.7227,0.0703125
50,49.7227,0.0742188
50,49.7227,0.0742188
50,49.7227,0.078125
50,49.7227,0.0820313
50,49.7227,0.0820313
50,49.7227,0.0859375
50,49.7227,0.0898438
50,49.7227,0.0898438
50,49.7227,0.09375
50,49.7227,0.0976563
50,49.7227,0.101563
50,49.7227,0.101563
50,49.7227,0.105469
50,49.7227,0.109375
50,49.7344,0.0976563
50,49.75,0.0976563
50,49.75,0.113281
50,49.7617,0.0976563
50,49.7734,0.0976563
50,49.7969,0.0859375
50,49.8125,0.0976563
50,49.8125,0.109375
50,49.8242,0.0976563
50,49.8359,0.0976563
50,49.8477,0.0976563
50,49.8594,0.0976563
50,49.8594,0.109375
50,49.875,0.0976563
50,49.875,0.113281
50,49.8867,0.0976563
50,49.8984,0.0976563
50,49.8984,0.113281
50,49.9102,0.101563
50,49.9102,0.113281
50,49.9219,0.101563
50,49.9219,0.113281
50,49.9219,0.117188
50,49.9375,0.105469
50,49.9375,0.117188
50,49.9492,0.105469
50,49.9492,0.117188
50,49.9492,0.121094
50,49.9609,0.105469
50,49.9727,0.105469
50,49.9727,0.121094
50,49.9727,0.121094
50,49.9844,0.109375
50,50,0.105469
50,50,0.121094
50,50.0117,0.105469
50,50.0117,0.121094
50,50.0117,0.121094
50,50.0234,0.109375
50,50.0234,0.121094
50,50.0234,0.121094
50,50.0352,0.109375
50,50.0469,0.109375
50,50.0469,0.121094
50,50.0469,0.121094
50,50.0625,0.109375
50,50.0625,0.121094
50,50.0742,0.109375
50,50.0742,0.121094
50,50.0742,0.121094
50,50.0859,0.109375
50,50.0859,0.121094
50,50.0859,0.121094
50,50.0977,0.109375
50,50.1094,0.105469
50,50.1094,0.117188
50,50.1094,0.117188
50,50.125,0.105469
50,50.125,0.117188
50,50.125,0.117188
50,50.1367,0.105469
50,50.1367,0.117188
50,50.1484,0.101563
50,50.1484,0.113281
50,50.1484,0.113281
50,50.1484,0.117188
50,50.1484,0.117188
50,50.1484,0.117188
50,50.1602,0.101563
50,50.1602,0.113281
50,50.1602,0.113281
50,50.1719,0.101563
50,50.1719,0.113281
50,50.1719,0.113281
50,50.1719,0.113281
50,50.1875,0.0976563
50,50.1875,0.109375
50,50.1875,0.109375
50,50.1875,0.109375
50,50.1875,0.109375
50,50.1875,0.109375
50,50.1875,0.109375
50,50.1875,0.109375
50,50.1875,0.109375
50,50.1875,0.109375
50,50.1992,0.09375
50,50.1992,0.105469
50,50.1992,0.105469
50,50.1992,0.105469
50,50.1992,0.105469
50,50.1992,0.105469
50,50.1992,0.105469
50,50.1992,0.105469
50,50.1992,0.105469
50,50.1992,0.105469
50,50.1992,0.105469
50,50.1992,0.105469
50,50.1992,0.105469
50,50.1992,0.105469
50,50.1992,0.105469
50,50.1992,0.105469
50,50.1992,0.105469
50,50.1992,0.101563
50,50.1992,0.101563
50,50.1992,0.101563
50,50.1992,0.101563
50,50.1992,0.101563
50,50.1992,0.101563
50,50.1992,0.101563
50,50.1992,0.101563
50,50.1992,0.101563
50,50.1992,0.0976563
50,50.1992,0.0976563
50,50.1992,0.0976563
50,50.1992,0.0976563
50,50.1992,0.0976563
50,50.1992,0.0976563
50,50.1992,0.0976563
50,50.1992,0.0976563
50,50.1992,0.09375
50,50.1992,0.09375
50,50.1992,0.09375
50,50.1992,0.09375
50,50.1992,0.09375
50,50.1992,0.09375
50,50.1992,0.0898438
50,50.1992,0.0898438
50,50.1992,0.0898438
50,50.1992,0.0898438
50,50.1992,0.0898438
50,50.1992,0.0898438
50,50.1992,0.0859375
50,50.1992,0.0859375
50,50.1992,0.0859375
50,50.1992,0.0859375
50,50.1992,0.0859375
50,50.1992,0.0820313
50,50.1992,0.0820313
50,50.1992,0.0820313
50,50.1992,0.0820313
50,50.1992,0.0820313
50,50.1992,0.078125
50,50.1992,0.078125
50,50.1992,0.078125
50,50.1992,0.078125
50,50.1992,0.0742188
50,50.1992,0.0742188
50,50.1992,0.0742188
50,50.1992,0.0742188
50,50.1992,0.0703125
50,50.1992,0.0703125
50,50.1992,0.0703125
50,50.1992,0.0703125
50,50.1992,0.0664063
50,50.1992,0.0664063
50,50.1992,0.0664063
50,50.1992,0.0664063
50,50.1992,0.0625
50,50.1992,0.0625
50,50.1992,0.0625
50,50.1992,0.0585938
50,50.1992,0.0585938
50,50.1992,0.0585938
50,50.1992,0.0585938
50,50.1992,0.0546875
50,50.1992,0.0546875
50,50.1992,0.0546875
50,50.1992,0.0507813
50,50.1992,0.0507813
50,50.1992,0.0507813
50,50.1992,0.046875
50,50.1992,0.046875
50,50.1992,0.046875
50,50.1992,0.0429688
50,50.1992,0.0429688
50,50.1992,0.0429688
50,50.1992,0.0390625
50,50.1992,0.0390625
50,50.1992,0.0390625
50,50.1992,0.0351563
50,50.1992,0.0351563
50,50.1992,0.0351563
50,50.1992,0.03125
50,50.1992,0.03125
50,50.1992,0.0273438
50,50.1992,0.0273438
50,50.1992,0.0273438
50,50.1992,0.0234375
50,50.1992,0.0234375
50,50.1992,0.0234375
50,50.1992,0.0195313
50,50.1992,0.0195313
50,50.1992,0.015625
50,50.1992,0.015625
50,50.1992,0.015625
50,50.1992,0.0117188
50,50.1992,0.0117188
50,50.1992,0.0078125
50,50.1992,0.0078125
50,50.1992,0.00390625
50,50.1992,0.00390625
50,50.1992,0.00390625
50,50.1992,0
50,50.1992,0
50,50.1992,0
50,50.1992,0
50,50.1992,-0.00390625
50,50.1992,-0.00390625
50,50.1992,-0.0078125
50,50.1992,-0.0078125
50,50.1992,-0.0117188
50,50.1992,-0.0117188
50,50.1992,-0.0117188
50,50.1992,-0.015625
50,50.1992,-0.015625
50,50.1992,-0.0195313
50,50.1992,-0.0195313
50,50.1992,-0.0234375
50,50.1992,-0.0234375
50,50.1992,-0.0273438
50,50.1992,-0.0273438
50,50.1992,-0.03125
50,50.1992,-0.03125
50,50.1992,-0.0351563
50,50.1992,-0.0351563
50,50.1992,-0.0390625
50,50.1992,-0.0390625
50,50.1992,-0.0429688
50,50.1992,-0.0429688
50,50.1992,-0.046875
50,50.1992,-0.0507813
50,50.1992,-0.0507813
50,50.1992,-0.0546875
50,50.1992,-0.0546875
50,50.1992,-0.0585938
50,50.1992,-0.0585938
50,50.1992,-0.0625
50,50.1992,-0.0625
50,50.1992,-0.0664063
50,50.1992,-0.0664063
50,50.1992,-0.0703125
50,50.1992,-0.0742188
50,50.1992,-0.0742188
50,50.1992,-0.078125
50,50.1992,-0.078125
50,50.1992,-0.0820313
50,50.1992,-0.0859375
50,50.1992,-0.0859375
50,50.1992,-0.0898438
50,50.1992,-0.0898438
50,50.1992,-0.09375
50,50.1992,-0.0976563
50,50.1992,-0.0976563
50,50.1992,-0.101563
50,50.1992,-0.101563
50,50.1992,-0.105469
50,50.1992,-0.109375
50,50.1992,-0.109375
50,50.1992,-0.113281
50,50.1992,-0.117188
50,50.1992,-0.117188
50,50.1992,-0.121094
50,50.1992,-0.121094
50,50.1992,-0.125
50,50.1875,-0.113281
50,50.1875,-0.128906
50,50.1719,-0.113281
50,50.1602,-0.113281
50,50.1484,-0.113281
50,50.1367,-0.113281
50,50.125,-0.113281
50,50.1094,-0.113281
50,50.0977,-0.109375
50,50.0859,-0.109375
0,50.0742,-0.109375
0,50.0625,-0.414063
0,49.9102,-0.558594
0,49.2969,-0.285156
0,48.3242,-0.0234375
0,47.3477,-0.105469
0,46.4609,-0.292969
0,45.625,-0.453125
0,44.6602,-0.414063
0,43.4727,-0.222656
0,42.2344,-0.183594
0,41.0742,-0.277344
0,39.9844,-0.382813
0,38.8867,-0.398438
0,37.6367,-0.246094
0,36.3359,-0.171875
0,35.0859,-0.199219
0,33.9609,-0.320313
0,32.8867,-0.378906
0,31.7344,-0.296875
0,30.5234,-0.203125
0,29.3242,-0.183594
0,28.2109,-0.25
0,27.1602,-0.300781
0,26.0977,-0.273438
0,25.0469,-0.269531
0,24.0352,-0.292969
0,22.9844,-0.226563
0,21.9727,-0.242188
0,21.0117,-0.273438
0,20.0234,-0.222656
0,19.0469,-0.207031
0,18.125,-0.238281
0,17.1992,-0.210938
0,16.3359,-0.257813
0,15.5234,-0.296875
0,14.6875,-0.257813
0,13.7852,-0.160156
0,12.9219,-0.164063
0,12.125,-0.203125
0,11.3359,-0.195313
0,10.5859,-0.210938
0,9.85938,-0.222656
0,9.14844,-0.21875
0,8.41016,-0.167969
0,7.73438,-0.210938
0,7.09766,-0.238281
0,6.48438,-0.253906
0,5.8125,-0.167969
0,5.125,-0.125
0,4.48438,-0.148438
0,3.92188,-0.210938
0,3.39844,-0.242188
0,2.83594,-0.191406
0,2.19922,-0.0820313
0,1.59766,-0.0859375
0,1.07422,-0.136719
0,0.585938,-0.160156
0,0.0976563,-0.148438
0,-0.375,-0.144531
0,-0.796875,-0.183594
0,-1.1875,-0.21875
0,-1.58594,-0.203125
0,-2.01172,-0.164063
0,-2.42188,-0.160156
0,-2.8125,-0.175781
0,-3.22266,-0.132813
0,-3.64844,-0.09375
0,-4,-0.15625
0,-4.32422,-0.171875
0,-4.64844,-0.164063
0,-4.97266,-0.152344
0,-5.28516,-0.152344
0,-5.60938,-0.125
0,-5.98438,-0.046875
0,-6.34766,-0.03125
0,-6.625,-0.101563
0,-6.875,-0.117188
0,-7.09766,-0.136719
0,-7.3125,-0.148438
0,-7.54688,-0.113281
0,-7.77344,-0.113281
0,-8,-0.101563
0,-8.19922,-0.117188
0,-8.35938,-0.152344
0,-8.5,-0.179688
0,-8.66016,-0.152344
0,-8.88672,-0.0703125
0,-9.14844,-0.00390625
0,-9.34766,-0.046875
0,-9.48438,-0.101563
0,-9.54688,-0.183594
0,-9.60938,-0.191406
0,-9.72266,-0.140625
0,-9.85938,-0.105469
0,-9.98438,-0.109375
0,-10.0742,-0.140625
0,-10.1602,-0.136719
0,-10.25,-0.132813
0,-10.3477,-0.113281
0,-10.4375,-0.117188
0,-10.5234,-0.109375
0,-10.5859,-0.128906
0,-10.6367,-0.140625
0,-10.6992,-0.121094
0,-10.75,-0.128906
0,-10.7969,-0.125
0,-10.8477,-0.121094
0,-10.8867,-0.128906
0,-10.9219,-0.121094
0,-10.9492,-0.132813
0,-10.9609,-0.140625
0,-10.9727,-0.140625
0,-10.9844,-0.136719
0,-11.0117,-0.117188
0,-11.0234,-0.125
0,-11.0234,-0.136719
0,-11.0234,-0.132813
0,-11.0352,-0.113281
0,-11.0352,-0.121094
0,-11.0352,-0.113281
0,-11.0352,-0.109375
0,-11.0352,-0.101563
0,-11.0352,-0.09375
0,-11.0352,-0.0820313
0,-11.0352,-0.0742188
0,-11.0352,-0.0625
0,-11.0234,-0.0664063
0,-11.0234,-0.0429688
0,-11.0234,-0.03125
0,-11.0234,-0.0195313
0,-11.0234,-0.00390625
0,-11.0234,0.00390625
0,-11.0234,0.0195313
0,-11.0234,0.0351563
0,-11.0117,0.0390625
0,-11,0.0546875
0,-10.9844,0.0703125
0,-10.9492,0.0546875
0,-10.8984,0.0507813
0,-10.8594,0.0742188
0,-10.8125,0.0703125
0,-10.7734,0.09375
0,-10.7227,0.09375
0,-10.6719,0.101563
0,-10.5977,0.0820313
0,-10.5117,0.0742188
0,-10.4492,0.105469
0,-10.375,0.0976563
0,-10.2969,0.105469
0,-10.2227,0.109375
0,-10.1484,0.117188
0,-10.0742,0.125
0,-9.98438,0.113281
0,-9.89844,0.121094
0,-9.8125,0.125
0,-9.71094,0.113281
0,-9.59766,0.0976563
0,-9.47266,0.0820313
0,-9.375,0.109375
0,-9.27344,0.109375
0,-9.1875,0.125
0,-9.125,0.160156
0,-9.07422,0.183594
0,-9,0.167969
0,-8.89844,0.148438
0,-8.8125,0.164063
0,-8.75,0.199219
0,-8.66016,0.179688
0,-8.52344,0.125
0,-8.34766,0.0742188
0,-8.17188,0.0585938
0,-8.02344,0.0742188
0,-7.91016,0.105469
0,-7.83594,0.148438
0,-7.75,0.140625
0,-7.64844,0.128906
0,-7.52344,0.101563
0,-7.39844,0.0976563
0,-7.29688,0.121094
0,-7.22266,0.148438
0,-7.125,0.125
0,-7.01172,0.113281
0,-6.89844,0.109375
0,-6.82422,0.148438
0,-6.75,0.15625
0,-6.66016,0.144531
0,-6.53516,0.105469
0,-6.39844,0.0820313
0,-6.28516,0.101563
0,-6.1875,0.113281
0,-6.08594,0.113281
0,-6.01172,0.140625
0,-5.94922,0.160156
0,-5.89844,0.179688
0,-5.82422,0.160156
0,-5.75,0.164063
0,-5.6875,0.183594
0,-5.64844,0.21875
0,-5.58594,0.203125
0,-5.48438,0.167969
0,-5.38672,0.164063
0,-5.27344,0.148438
0,-5.125,0.0976563
0,-4.94922,0.0546875
0,-4.78516,0.046875
0,-4.66016,0.0742188
0,-4.57422,0.105469
0,-4.51172,0.132813
0,-4.4375,0.125
0,-4.33594,0.09375
0,-4.25,0.105469
0,-4.16016,0.101563
0,-4.09766,0.128906
0,-4.03516,0.128906
0,-3.97266,0.132813
0,-3.89844,0.121094
0,-3.82422,0.121094
0,-3.75,0.117188
0,-3.67188,0.117188
0,-3.59766,0.117188
0,-3.51172,0.101563
0,-3.42188,0.09375
0,-3.34766,0.105469
0,-3.29688,0.132813
0,-3.25,0.136719
0,-3.22266,0.167969
0,-3.17188,0.148438
0,-3.125,0.152344
0,-3.0625,0.140625
0,-3,0.140625
0,-2.96094,0.171875
0,-2.92188,0.175781
0,-2.875,0.167969
0,-2.8125,0.15625
0,-2.75,0.15625
0,-2.6875,0.15625
0,-2.60938,0.140625
0,-2.51172,0.105469
0,-2.39844,0.078125
0,-2.25,0.0234375
0,-2.10938,0.0117188
0,-1.97266,-0.00390625
0,-1.88672,0.03125
0,-1.83594,0.0664063
0,-1.79688,0.078125
0,-1.77344,0.09375
0,-1.75,0.0976563
0,-1.71094,0.0859375
0,-1.64844,0.0585938
0,-1.60938,0.0820313
0,-1.57422,0.0820313
0,-1.52344,0.0703125
0,-1.47266,0.0664063
0,-1.4375,0.078125
0,-1.39844,0.078125
0,-1.375,0.09375
0,-1.32422,0.0664063
0,-1.28516,0.078125
0,-1.26172,0.0898438
0,-1.22266,0.078125
0,-1.19922,0.09375
0,-1.17188,0.09375
0,-1.125,0.0664063
0,-1.09766,0.09375
0,-1.0625,0.078125
0,-1.02344,0.078125
0,-1.01172,0.105469
0,-0.984375,0.09375
0,-0.949219,0.0820313
0,-0.910156,0.078125
0,-0.886719,0.09375
0,-0.875,0.109375
0,-0.859375,0.113281
0,-0.824219,0.0859375
0,-0.785156,0.0820313
0,-0.761719,0.09375
0,-0.75,0.109375
0,-0.722656,0.0976563
0,-0.6875,0.0820313
0,-0.648438,0.0820313
0,-0.625,0.09375
0,-0.597656,0.09375
0,-0.5625,0.078125
0,-0.523438,0.0742188
0,-0.484375,0.0703125
0,-0.449219,0.0664063
0,-0.410156,0.0625
0,-0.375,0.0585938
0,-0.324219,0.0390625
0,-0.273438,0.03125
0,-0.25,0.0507813
0,-0.210938,0.0351563
0,-0.199219,0.0585938
0,-0.199219,0.0742188
0,-0.1875,0.0625
0,-0.1875,0.078125
0,-0.1875,0.0820313
0,-0.1875,0.0859375
0,-0.171875,0.0742188
0,-0.160156,0.0742188
0,-0.160156,0.0898438
0,-0.160156,0.0898438
0,-0.148438,0.078125
0,-0.148438,0.09375
0,-0.136719,0.0820313
0,-0.125,0.0820313
0,-0.125,0.0976563
0,-0.125,0.101563
0,-0.125,0.105469
0,-0.109375,0.0898438
0,-0.0976563,0.0898438
0,-0.0976563,0.105469
0,-0.0976563,0.109375
0,-0.0859375,0.0976563
0,-0.0859375,0.113281
0,-0.0742188,0.101563
0,-0.0742188,0.113281
0,-0.0742188,0.117188
0,-0.0625,0.105469
0,-0.0625,0.121094
0,-0.046875,0.109375
0,-0.046875,0.121094
0,-0.0351563,0.109375
0,-0.0351563,0.125
0,-0.0351563,0.125
0,-0.0234375,0.113281
0,-0.0117188,0.113281
0,-0.0117188,0.128906
0,-0.0117188,0.128906
0,0,0.117188
0,0,0.132813
0,0.0117188,0.121094
0,0.0117188,0.132813
0,0.0234375,0.121094
0,0.0234375,0.136719
0,0.0234375,0.136719
0,0.0351563,0.125
0,0.0351563,0.136719
0,0.0351563,0.140625
0,0.046875,0.128906
0,0.046875,0.140625
0,0.046875,0.144531
0,0.0625,0.128906
0,0.0625,0.144531
0,0.0625,0.148438
0,0.0742188,0.132813
0,0.0742188,0.148438
0,0.0742188,0.148438
0,0.0742188,0.152344
0,0.0859375,0.136719
0,0.0859375,0.152344
0,0.0859375,0.152344
0,0.0976563,0.140625
0,0.109375,0.136719
0,0.109375,0.152344
0,0.125,0.136719
0,0.125,0.152344
0,0.125,0.152344
0,0.136719,0.140625
0,0.136719,0.152344
0,0.148438,0.140625
0,0.148438,0.152344
0,0.148438,0.152344
0,0.148438,0.15625
0,0.148438,0.15625
0,0.160156,0.144531
0,0.160156,0.15625
0,0.160156,0.15625
0,0.171875,0.144531
0,0.171875,0.15625
0,0.171875,0.15625
0,0.171875,0.15625
0,0.171875,0.160156
0,0.1875,0.144531
0,0.1875,0.15625
0,0.1875,0.160156
0,0.1875,0.160156
0,0.1875,0.160156
0,0.199219,0.144531
0,0.199219,0.160156
0,0.199219,0.160156
0,0.199219,0.160156
0,0.199219,0.160156
0,0.199219,0.160156
0,0.210938,0.148438
0,0.210938,0.160156
0,0.210938,0.160156
0,0.210938,0.160156
0,0.222656,0.148438
0,0.222656,0.160156
0,0.222656,0.160156
0,0.222656,0.160156
0,0.222656,0.160156
0,0.222656,0.160156
0,0.222656,0.160156
0,0.222656,0.160156
0,0.222656,0.160156
0,0.222656,0.160156
0,0.222656,0.160156
0,0.222656,0.164063
0,0.222656,0.164063
0,0.222656,0.164063
0,0.234375,0.148438
0,0.234375,0.160156
0,0.234375,0.160156
0,0.234375,0.160156
0,0.234375,0.160156
0,0.234375,0.160156
0,0.234375,0.160156
0,0.234375,0.160156
0,0.234375,0.160156
0,0.234375,0.160156
0,0.234375,0.160156
0,0.234375,0.160156
0,0.234375,0.160156
0,0.234375,0.160156
0,0.234375,0.160156
0,0.234375,0.160156
0,0.234375,0.160156
0,0.234375,0.160156
0,0.234375,0.160156
0,0.234375,0.160156
0,0.234375,0.160156
0,0.234375,0.160156
0,0.234375,0.160156
0,0.234375,0.160156
0,0.234375,0.160156
0,0.234375,0.160156
0,0.234375,0.15625
0,0.234375,0.15625
0,0.234375,0.15625
0,0.234375,0.15625
0,0.234375,0.15625
0,0.234375,0.15625
0,0.234375,0.15625
0,0.234375,0.15625
0,0.234375,0.15625
0,0.234375,0.15625
0,0.234375,0.152344
0,0.234375,0.152344
0,0.234375,0.152344
0,0.234375,0.152344
0,0.234375,0.152344
0,0.234375,0.152344
0,0.234375,0.152344
0,0.234375,0.152344
0,0.234375,0.148438
0,0.234375,0.148438
0,0.234375,0.148438
0,0.234375,0.148438
0,0.234375,0.148438
0,0.234375,0.148438
0,0.234375,0.144531
0,0.234375,0.144531
0,0.234375,0.144531
0,0.234375,0.144531
0,0.234375,0.144531
0,0.234375,0.144531
0,0.234375,0.140625
0,0.234375,0.140625
0,0.234375,0.140625
0,0.234375,0.140625
0,0.234375,0.140625
0,0.234375,0.136719
0,0.234375,0.136719
0,0.234375,0.136719
0,0.234375,0.136719
0,0.234375,0.132813
0,0.234375,0.132813
0,0.234375,0.132813
0,0.234375,0.132813
0,0.234375,0.128906
0,0.234375,0.128906
0,0.234375,0.128906
0,0.234375,0.128906
0,0.234375,0.125
0,0.234375,0.125
0,0.234375,0.125
0,0.234375,0.125
0,0.234375,0.121094
0,0.234375,0.121094
0,0.234375,0.121094
0,0.234375,0.117188
0,0.234375,0.117188
0,0.234375,0.117188
0,0.234375,0.113281
0,0.234375,0.113281
0,0.234375,0.113281
0,0.234375,0.113281
0,0.234375,0.109375
0,0.234375,0.109375
0,0.234375,0.109375
0,0.234375,0.105469
0,0.234375,0.105469
0,0.234375,0.105469
0,0.234375,0.101563
0,0.234375,0.101563
0,0.234375,0.0976563
0,0.234375,0.0976563
0,0.234375,0.0976563
0,0.234375,0.09375
0,0.234375,0.09375
0,0.234375,0.09375
0,0.234375,0.0898438
0,0.234375,0.0898438
0,0.234375,0.0859375
0,0.234375,0.0859375
0,0.234375,0.0859375
0,0.234375,0.0820313
0,0.234375,0.0820313
0,0.234375,0.078125
0,0.234375,0.078125
0,0.234375,0.078125
0,0.234375,0.0742188
0,0.234375,0.0742188
0,0.234375,0.0703125
0,0.234375,0.0703125
0,0.234375,0.0664063
0,0.234375,0.0664063
0,0.234375,0.0664063
0,0.234375,0.0625
0,0.234375,0.0625
0,0.234375,0.0585938
0,0.234375,0.0585938
0,0.234375,0.0546875
0,0.234375,0.0546875
0,0.234375,0.0507813
0,0.234375,0.0507813
0,0.234375,0.046875
0,0.222656,0.0625
0,0.222656,0.046875
0,0.222656,0.046875
0,0.222656,0.0429688
0,0.222656,0.0429688
0,0.222656,0.0390625
0,0.222656,0.0390625
0,0.222656,0.0351563
0,0.222656,0.0351563
0,0.222656,0.03125
0,0.222656,0.03125
0,0.222656,0.0273438
0,0.222656,0.0273438
0,0.222656,0.0234375
0,0.222656,0.0234375
0,0.222656,0.0195313
0,0.222656,0.015625
0,0.222656,0.015625
0,0.222656,0.0117188
0,0.222656,0.0117188
0,0.222656,0.0078125
0,0.222656,0.0078125
0,0.222656,0.00390625
0,0.222656,0.00390625
0,0.222656,0
0,0.222656,0
0,0.222656,0
0,0.222656,-0.00390625
0,0.222656,-0.00390625
0,0.222656,-0.0078125
0,0.222656,-0.0078125
0,0.222656,-0.0117188
0,0.222656,-0.015625
0,0.222656,-0.015625
0,0.222656,-0.0195313
0,0.222656,-0.0195313
0,0.222656,-0.0234375
0,0.222656,-0.0273438
0,0.222656,-0.0273438
0,0.222656,-0.03125
0,0.210938,-0.0195313
0,0.210938,-0.03125
0,0.210938,-0.0351563
0,0.199219,-0.0234375
0,0.199219,-0.0390625
0,0.199219,-0.0390625
0,0.1875,-0.0273438
0,0.171875,-0.0273438
0,0.171875,-0.0390625
0,0.171875,-0.0429688
0,0.171875,-0.046875
0,0.160156,-0.03125
0,0.160156,-0.046875
0,0.160156,-0.0507813
0,0.160156,-0.0507813
0,0.148438,-0.0390625
0,0.148438,-0.0546875
0,0.148438,-0.0546875
0,0.148438,-0.0585938
0,0.136719,-0.0429688
0,0.136719,-0.0585938
0,0.136719,-0.0625
0,0.125,-0.046875
0,0.125,-0.0625
0,0.125,-0.0664063
0,0.125,-0.0664063
0,0.109375,-0.0546875
0,0.109375,-0.0664063
0,0.0976563,-0.0546875
0,0.0976563,-0.0703125
