r,omega,u
0,0,0
0,0,0
0,0,0
0,0,0
0,0,0
0,0,0
0,0,0
0,0,0
0,0,0
0,0,0
0,0,0
0,0,0
0,0,0
0,0,0
0,0,0
0,0,0
0,0,0
0,0,0
0,0,0
0,0,0
0,0,0
0,0,0
0,0,0
0,0,0
0,0,0
0,0,0
0,0,0
0,0,0
0,0,0
0,0,0
0,0,0
0,0,0
0,0,0
0,0,0
0,0,0
0,0,0
0,0,0
0,0,0
0,0,0
0,0,0
0,0,0
0,0,0
0,0,0
0,0,0
0,0,0
0,0,0
0,0,0
0,0,0
0,0,0
0,0,0
0,0,0
0,0,0
0,0,0
0,0,0
0,0,0
0,0,0
0,0,0
0,0,0
0,0,0
0,0,0
0,0,0
0,0,0
0,0,0
0,0,0
0,0,0
0,0,0
0,0,0
0,0,0
0,0,0
0,0,0
0,0,0
0,0,0
0,0,0
0,0,0
0,0,0
0,0,0
0,0,0
0,0,0
0,0,0
0,0,0
0,0,0
0,0,0
0,0,0
0,0,0
0,0,0
0,0,0
0,0,0
0,0,0
0,0,0
0,0,0
0,0,0
0,0,0
0,0,0
0,0,0
0,0,0
0,0,0
0,0,0
0,0,0
0,0,0
0,0,0
0,0,0
0,0,0
0,0,0
0,0,0
0,0,0
0,0,0
0,0,0
0,0,0
0,0,0
0,0,0
0,0,0
0,0,0
0,0,0
0,0,0
0,0,0
0,0,0
0,0,0
0,0,0
0,0,0
0,0,0
0,0,0
0,0,0
0,0,0
0,0,0
0,0,0
0,0,0
0,0,0
0,0,0
0,0,0
0,0,0
0,0,0
0,0,0
0,0,0
0,0,0
0,0,0
0,0,0
0,0,0
0,0,0
0,0,0
0,0,0
0,0,0
0,0,0
0,0,0
0,0,0
0,0,0
0,0,0
0,0,0
0,0,0
0,0,0
0,0,0
0,0,0
0,0,0
0,0,0
0,0,0
0,0,0
0,0,0
0,0,0
0,0,0
0,0,0
0,0,0
0,0,0
0,0,0
0,0,0
0,0,0
0,0,0
0,0,0
0,0,0
0,0,0
0,0,0
0,0,0
0,0,0
0,0,0
0,0,0
0,0,0
0,0,0
0,0,0
0,0,0
0,0,0
0,0,0
0,0,0
0,0,0
0,0,0
0,0,0
0,0,0
0,0,0
0,0,0
0,0,0
0,0,0
0,0,0
0,0,0
0,0,0
0,0,0
0,0,0
0,0,0
0,0,0
0,0,0
0,0,0
0,0,0
0,0,0
0,0,0
0,0,0
0,0,0
0,0,0
0,0,0
0,0,0
0,0,0
0,0,0
0,0,0
0,0,0
0,0,0
0,0,0
0,0,0
0,0,0
0,0,0
0,0,0
0,0,0
0,0,0
0,0,0
0,0,0
0,0,0
0,0,0
0,0,0
0,0,0
0,0,0
0,0,0
0,0,0
0,0,0
0,0,0
0,0,0
0,0,0
0,0,0
0,0,0
0,0,0
0,0,0
0,0,0
0,0,0
0,0,0
0,0,0
0,0,0
0,0,0
0,0,0
0,0,0
0,0,0
0,0,0
0,0,0
0,0,0
0,0,0
0,0,0
0,0,0
0,0,0
0,0,0
0,0,0
0,0,0
0,0,0
0,0,0
0,0,0
0,0,0
0,0,0
0,0,0
0,0,0
0,0,0
0,0,0
0,0,0
0,0,0
0,0,0
0,0,0
0,0,0
0,0,0
0,0,0
0,0,0
0,0,0
0,0,0
0,0,0
0,0,0
0,0,0
0,0,0
0,0,0
0,0,0
0,0,0
0,0,0
0,0,0
0,0,0
0,0,0
0,0,0
0,0,0
0,0,0
0,0,0
0,0,0
0,0,0
0,0,0
0,0,0
0,0,0
0,0,0
0,0,0
0,0,0
0,0,0
0,0,0
0,0,0
0,0,0
0,0,0
0,0,0
0,0,0
0,0,0
0,0,0
0,0,0
0,0,0
0,0,0
0,0,0
0,0,0
0,0,0
0,0,0
0,0,0
0,0,0
0,0,0
0,0,0
0,0,0
0,0,0
0,0,0
0,0,0
0,0,0
0,0,0
0,0,0
0,0,0
0,0,0
0,0,0
0,0,0
0,0,0
0,0,0
0,0,0
0,0,0
0,0,0
0,0,0
0,0,0
0,0,0
0,0,0
0,0,0
0,0,0
0,0,0
0,0,0
0,0,0
0,0,0
0,0,0
0,0,0
0,0,0
0,0,0
0,0,0
0,0,0
0,0,0
0,0,0
0,0,0
0,0,0
0,0,0
0,0,0
0,0,0
0,0,0
0,0,0
0,0,0
0,0,0
0,0,0
0,0,0
0,0,0
0,0,0
0,0,0
0,0,0
0,0,0
0,0,0
0,0,0
0,0,0
0,0,0
0,0,0
0,0,0
0,0,0
0,0,0
0,0,0
0,0,0
0,0,0
0,0,0
0,0,0
0,0,0
0,0,0
0,0,0
0,0,0
0,0,0
0,0,0
0,0,0
0,0,0
0,0,0
0,0,0
0,0,0
0,0,0
0,0,0
0,0,0
0,0,0
0,0,0
0,0,0
0,0,0
0,0,0
0,0,0
0,0,0
0,0,0
50,0,0
50,0,0.171875
50,0.0117188,0.335938
50,0.1875,0.40625
50,0.660156,0.375
50,1.4375,0.3125
50,2.33594,0.324219
50,3.33594,0.332031
50,4.39844,0.355469
50,5.51172,0.375
50,6.69922,0.375
50,7.94922,0.367188
50,9.27344,0.34375
50,10.6367,0.332031
50,12,0.335938
50,13.375,0.328125
50,14.75,0.324219
50,16.0977,0.332031
50,17.4492,0.324219
50,18.7852,0.320313
50,20.1094,0.316406
50,21.4609,0.28125
50,22.7734,0.285156
50,24.0469,0.285156
50,25.2734,0.292969
50,26.4727,0.292969
50,27.6484,0.285156
50,28.8242,0.265625
50,29.9727,0.257813
50,31.1094,0.242188
50,32.1992,0.246094
50,33.25,0.246094
50,34.25,0.253906
50,35.2227,0.25
50,36.1719,0.246094
50,37.0977,0.242188
50,38.0234,0.222656
50,38.9375,0.207031
50,39.8242,0.199219
50,40.6875,0.191406
50,41.4844,0.207031
50,42.2344,0.21875
50,42.9492,0.222656
50,43.6367,0.226563
50,44.3242,0.210938
50,45.0352,0.179688
50,45.7227,0.175781
50,46.375,0.179688
50,46.9844,0.183594
50,47.5742,0.183594
50,48.1602,0.167969
50,48.7344,0.15625
50,49.2852,0.15625
50,49.7852,0.171875
50,50.2734,0.164063
50,50.75,0.160156
50,51.1992,0.160156
50,51.625,0.164063
50,52.0234,0.167969
50,52.4375,0.152344
50,52.7969,0.167969
50,53.0977,0.199219
50,53.4609,0.15625
50,53.8477,0.132813
50,54.2344,0.117188
50,54.5742,0.132813
50,54.8867,0.132813
50,55.1719,0.140625
50,55.4219,0.152344
50,55.6484,0.164063
50,55.875,0.160156
50,56.1602,0.113281
50,56.4727,0.0859375
50,56.7734,0.0742188
50,57.0469,0.0742188
50,57.2969,0.0742188
50,57.5234,0.0742188
50,57.6992,0.09375
50,57.8594,0.09375
50,58.0352,0.078125
50,58.2109,0.0703125
50,58.3477,0.0820313
50,58.4375,0.109375
50,58.4609,0.144531
50,58.4609,0.167969
50,58.4609,0.171875
50,58.4844,0.164063
50,58.5117,0.167969
50,58.5469,0.164063
50,58.5742,0.175781
50,58.5977,0.175781
50,58.625,0.179688
50,58.6484,0.179688
50,58.6875,0.175781
50,58.7109,0.183594
50,58.7344,0.183594
50,58.7734,0.175781
50,58.8242,0.167969
50,58.875,0.164063
50,58.9492,0.144531
50,59.0352,0.128906
50,59.1602,0.0976563
50,59.2969,0.078125
50,59.4219,0.0703125
50,59.5234,0.0703125
50,59.5742,0.0859375
50,59.5859,0.101563
50,59.5977,0.0976563
50,59.5977,0.101563
50,59.5977,0.0976563
50,59.6094,0.0859375
50,59.6094,0.0898438
50,59.6094,0.0859375
50,59.6094,0.0820313
50,59.6094,0.0742188
50,59.6094,0.0703125
50,59.6094,0.0625
50,59.6094,0.0585938
50,59.6094,0.0507813
50,59.6094,0.046875
50,59.6094,0.0390625
50,59.6094,0.03125
50,59.6094,0.0234375
50,59.6094,0.015625
50,59.6094,0.0078125
50,59.6094,0
50,59.6094,-0.0078125
50,59.6094,-0.015625
50,59.6094,-0.0234375
50,59.6094,-0.0351563
50,59.6094,-0.0429688
50,59.6094,-0.0546875
50,59.6094,-0.0664063
50,59.5977,-0.0664063
50,59.5977,-0.0859375
50,59.5977,-0.0976563
50,59.5742,-0.09375
50,59.5234,-0.0859375
50,59.4727,-0.09375
50,59.4102,-0.09375
50,59.3477,-0.0976563
50,59.2852,-0.105469
50,59.2344,-0.117188
50,59.1875,-0.125
50,59.1484,-0.140625
50,59.0977,-0.140625
50,59.0234,-0.132813
50,58.9219,-0.121094
50,58.7852,-0.101563
50,58.5977,-0.0664063
50,58.3867,-0.0429688
50,58.1992,-0.046875
50,58.0625,-0.0703125
50,58,-0.113281
50,58,-0.15625
50,57.9844,-0.160156
50,57.9609,-0.164063
50,57.9219,-0.164063
50,57.875,-0.164063
50,57.7969,-0.15625
50,57.7227,-0.160156
50,57.625,-0.148438
50,57.5,-0.132813
50,57.3594,-0.125
50,57.2344,-0.128906
50,57.1094,-0.125
50,57.0117,-0.140625
50,56.8984,-0.132813
50,56.7969,-0.140625
50,56.7109,-0.148438
50,56.6094,-0.140625
50,56.5,-0.132813
50,56.3984,-0.140625
50,56.2852,-0.128906
50,56.1719,-0.128906
50,56.0859,-0.140625
50,56.0117,-0.148438
50,55.9492,-0.160156
50,55.8867,-0.164063
50,55.8125,-0.15625
50,55.7227,-0.152344
50,55.5977,-0.128906
50,55.4375,-0.101563
50,55.25,-0.0742188
50,55.0742,-0.0703125
50,54.9102,-0.0703125
50,54.7969,-0.0898438
50,54.7344,-0.117188
50,54.6992,-0.132813
50,54.6719,-0.144531
50,54.625,-0.132813
50,54.5742,-0.136719
50,54.5117,-0.128906
50,54.4375,-0.121094
50,54.3477,-0.113281
50,54.2734,-0.117188
50,54.1875,-0.109375
50,54.0977,-0.109375
50,54.0234,-0.113281
50,53.9375,-0.101563
50,53.8594,-0.109375
50,53.7969,-0.113281
50,53.7344,-0.113281
50,53.6992,-0.128906
50,53.6484,-0.121094
50,53.5859,-0.113281
50,53.5352,-0.121094
50,53.4844,-0.121094
50,53.4375,-0.121094
50,53.3867,-0.125
50,53.3359,-0.125
50,53.2969,-0.132813
50,53.2617,-0.132813
50,53.2344,-0.144531
50,53.2227,-0.152344
50,53.1992,-0.148438
50,53.1602,-0.144531
50,53.125,-0.148438
50,53.0625,-0.132813
50,53,-0.132813
50,52.9102,-0.113281
50,52.7734,-0.078125
50,52.5977,-0.0429688
50,52.3984,-0.015625
50,52.2109,-0.00390625
50,52.0742,-0.0195313
50,51.9844,-0.0351563
50,51.9727,-0.078125
50,51.9727,-0.0859375
50,51.9727,-0.0898438
50,51.9727,-0.0898438
50,51.9727,-0.09375
50,51.9727,-0.0976563
50,51.9727,-0.101563
50,51.9727,-0.101563
50,51.9727,-0.105469
50,51.9727,-0.109375
50,51.9727,-0.113281
50,51.9727,-0.117188
50,51.9727,-0.121094
50,51.9727,-0.121094
50,51.9727,-0.125
50,51.9609,-0.121094
50,51.9492,-0.125
50,51.9492,-0.132813
50,51.9219,-0.121094
50,51.8984,-0.121094
50,51.875,-0.125
50,51.8594,-0.132813
50,51.8359,-0.125
50,51.7969,-0.121094
50,51.7617,-0.117188
50,51.7227,-0.117188
50,51.6719,-0.109375
50,51.5977,-0.0898438
50,51.5352,-0.09375
50,51.4727,-0.0898438
50,51.4219,-0.09375
50,51.3594,-0.0820313
50,51.3242,-0.09375
50,51.2852,-0.09375
50,51.25,-0.0898438
50,51.2227,-0.0976563
50,51.1992,-0.09375
50,51.1719,-0.09375
50,51.1602,-0.101563
50,51.1367,-0.09375
50,51.1094,-0.09375
50,51.0859,-0.09375
50,51.0742,-0.101563
50,51.0625,-0.101563
50,51.0352,-0.09375
50,51.0234,-0.0976563
50,51.0117,-0.101563
50,51,-0.101563
50,50.9727,-0.09375
50,50.9609,-0.0976563
50,50.9492,-0.101563
50,50.9375,-0.101563
50,50.9219,-0.101563
50,50.9219,-0.109375
50,50.9102,-0.101563
50,50.8867,-0.09375
50,50.875,-0.101563
50,50.8594,-0.101563
50,50.8477,-0.101563
50,50.8359,-0.101563
50,50.8242,-0.101563
50,50.8125,-0.101563
50,50.7969,-0.101563
50,50.7734,-0.09375
50,50.7617,-0.101563
50,50.75,-0.101563
50,50.7344,-0.101563
50,50.7227,-0.101563
50,50.7109,-0.101563
50,50.7109,-0.109375
50,50.6992,-0.101563
50,50.6875,-0.101563
50,50.6719,-0.101563
50,50.6484,-0.09375
50,50.6484,-0.109375
50,50.625,-0.09375
50,50.6094,-0.101563
50,50.5977,-0.101563
50,50.5859,-0.101563
50,50.5625,-0.09375
50,50.5352,-0.0898438
50,50.5117,-0.0898438
50,50.5,-0.09375
50,50.4727,-0.0859375
50,50.4492,-0.0859375
50,50.4375,-0.0898438
50,50.4219,-0.0898438
50,50.4219,-0.0976563
50,50.4102,-0.0898438
50,50.3984,-0.0898438
50,50.3867,-0.0859375
50,50.375,-0.0859375
50,50.375,-0.09375
50,50.3594,-0.0859375
50,50.3477,-0.0859375
50,50.3477,-0.09375
50,50.3477,-0.09375
50,50.3477,-0.09375
50,50.3359,-0.0859375
50,50.3359,-0.09375
50,50.3359,-0.09375
50,50.3242,-0.0859375
50,50.3242,-0.09375
50,50.3242,-0.09375
50,50.3125,-0.0859375
50,50.3125,-0.09375
50,50.3125,-0.09375
50,50.3125,-0.09375
50,50.2969,-0.0898438
50,50.2969,-0.09375
50,50.2969,-0.09375
50,50.2969,-0.0976563
50,50.2969,-0.0976563
50,50.2969,-0.0976563
50,50.2852,-0.0898438
50,50.2852,-0.0976563
50,50.2852,-0.0976563
50,50.2852,-0.0976563
50,50.2852,-0.0976563
50,50.2734,-0.0898438
50,50.2734,-0.0976563
50,50.2734,-0.0976563
50,50.2734,-0.0976563
50,50.2734,-0.101563
50,50.2734,-0.101563
50,50.2617,-0.09375
50,50.2617,-0.101563
50,50.2617,-0.101563
50,50.2617,-0.101563
50,50.25,-0.09375
50,50.25,-0.101563
50,50.25,-0.101563
50,50.25,-0.101563
50,50.25,-0.101563
50,50.25,-0.101563
50,50.25,-0.105469
50,50.2344,-0.0976563
50,50.2344,-0.101563
50,50.2344,-0.105469
50,50.2344,-0.105469
50,50.2227,-0.0976563
50,50.2227,-0.105469
50,50.2227,-0.105469
50,50.2227,-0.105469
50,50.2227,-0.105469
50,50.2109,-0.0976563
50,50.2109,-0.105469
50,50.2109,-0.105469
50,50.2109,-0.105469
50,50.1992,-0.0976563
50,50.1992,-0.105469
50,50.1992,-0.105469
50,50.1992,-0.105469
50,50.1992,-0.109375
50,50.1875,-0.101563
50,50.1875,-0.105469
50,50.1875,-0.109375
50,50.1875,-0.109375
50,50.1875,-0.109375
50,50.1875,-0.109375
50,50.1719,-0.101563
50,50.1719,-0.109375
50,50.1719,-0.109375
50,50.1719,-0.109375
50,50.1719,-0.109375
50,50.1719,-0.109375
50,50.1719,-0.113281
50,50.1602,-0.105469
50,50.1602,-0.109375
50,50.1602,-0.113281
50,50.1602,-0.113281
50,50.1602,-0.113281
50,50.1602,-0.113281
50,50.1602,-0.113281
50,50.1484,-0.105469
50,50.1484,-0.113281
50,50.1484,-0.113281
50,50.1484,-0.113281
50,50.1484,-0.113281
50,50.1484,-0.113281
50,50.1484,-0.117188
50,50.1484,-0.117188
50,50.1367,-0.109375
50,50.1367,-0.117188
50,50.1367,-0.117188
50,50.1367,-0.117188
50,50.1367,-0.117188
50,50.1367,-0.117188
50,50.1367,-0.117188
50,50.1367,-0.117188
50,50.125,-0.109375
50,50.125,-0.117188
50,50.125,-0.117188
50,50.125,-0.121094
50,50.125,-0.121094
50,50.125,-0.121094
50,50.125,-0.121094
50,50.125,-0.121094
50,50.125,-0.121094
50,50.125,-0.121094
50,50.1094,-0.113281
50,50.1094,-0.121094
50,50.1094,-0.121094
50,50.1094,-0.121094
50,50.1094,-0.125
50,50.0977,-0.117188
50,50.0977,-0.121094
50,50.0977,-0.125
50,50.0977,-0.125
50,50.0977,-0.125
50,50.0977,-0.125
50,50.0977,-0.125
50,50.0977,-0.125
50,50.0977,-0.125
50,50.0977,-0.125
50,50.0977,-0.125
50,50.0977,-0.128906
50,50.0859,-0.121094
50,50.0859,-0.125
50,50.0859,-0.128906
50,50.0859,-0.128906
50,50.0859,-0.128906
50,50.0859,-0.128906
50,50.0859,-0.128906
50,50.0859,-0.128906
50,50.0859,-0.128906
50,50.0859,-0.128906
50,50.0742,-0.121094
50,50.0742,-0.128906
50,50.0742,-0.128906
50,50.0742,-0.128906
50,50.0742,-0.132813
50,50.0742,-0.132813
50,50.0742,-0.132813
50,50.0625,-0.125
50,50.0625,-0.132813
50,50.0625,-0.132813
50,50.0625,-0.132813
50,50.0469,-0.125
50,50.0469,-0.132813
50,50.0469,-0.132813
50,50.0469,-0.132813
50,50.0352,-0.125
50,50.0352,-0.132813
50,50.0352,-0.132813
50,50.0352,-0.132813
50,50.0352,-0.132813
50,50.0352,-0.132813
50,50.0352,-0.132813
50,50.0234,-0.125
50,50.0234,-0.132813
50,50.0234,-0.132813
50,50.0234,-0.132813
50,50.0234,-0.132813
50,50.0234,-0.132813
50,50.0234,-0.132813
50,50.0234,-0.132813
50,50.0234,-0.132813
50,50.0234,-0.132813
50,50.0234,-0.136719
50,50.0234,-0.136719
50,50.0234,-0.136719
50,50.0234,-0.136719
50,50.0234,-0.136719
50,50.0234,-0.136719
50,50.0234,-0.136719
50,50.0234,-0.136719
50,50.0234,-0.136719
50,50.0117,-0.128906
50,50.0117,-0.136719
50,50.0117,-0.136719
50,50,-0.128906
50,50,-0.136719
50,50,-0.136719
50,50,-0.136719
50,50,-0.136719
50,50,-0.136719
50,50,-0.136719
50,50,-0.136719
50,50,-0.136719
50,50,-0.136719
50,50,-0.136719
50,50,-0.136719
50,50,-0.136719
50,49.9844,-0.128906
50,49.9844,-0.136719
50,49.9844,-0.136719
50,49.9844,-0.136719
50,49.9844,-0.136719
50,49.9844,-0.136719
50,49.9844,-0.136719
50,49.9844,-0.136719
50,49.9844,-0.136719
50,49.9844,-0.136719
50,49.9844,-0.136719
50,49.9844,-0.140625
50,49.9844,-0.140625
50,49.9844,-0.140625
50,49.9727,-0.132813
50,49.9727,-0.136719
50,49.9727,-0.136719
50,49.9727,-0.136719
50,49.9727,-0.136719
50,49.9727,-0.136719
50,49.9727,-0.140625
50,49.9727,-0.140625
50,49.9727,-0.140625
50,49.9727,-0.140625
50,49.9727,-0.140625
50,49.9727,-0.140625
50,49.9727,-0.140625
50,49.9727,-0.140625
50,49.9727,-0.140625
50,49.9727,-0.140625
50,49.9727,-0.140625
50,49.9727,-0.140625
50,49.9727,-0.140625
50,49.9727,-0.140625
50,49.9727,-0.140625
50,49.9727,-0.140625
50,49.9727,-0.140625
50,49.9727,-0.140625
50,49.9727,-0.140625
50,49.9609,-0.132813
50,49.9609,-0.140625
50,49.9609,-0.140625
50,49.9609,-0.140625
50,49.9609,-0.140625
50,49.9609,-0.140625
50,49.9609,-0.140625
50,49.9492,-0.132813
50,49.9492,-0.136719
50,49.9492,-0.136719
50,49.9492,-0.136719
50,49.9492,-0.136719
50,49.9492,-0.136719
50,49.9492,-0.136719
50,49.9492,-0.136719
50,49.9492,-0.136719
50,49.9492,-0.136719
50,49.9492,-0.136719
50,49.9492,-0.136719
50,49.9492,-0.136719
50,49.9492,-0.136719
50,49.9492,-0.136719
50,49.9492,-0.136719
50,49.9492,-0.136719
50,49.9375,-0.128906
50,49.9375,-0.136719
50,49.9375,-0.136719
50,49.9375,-0.136719
50,49.9375,-0.136719
50,49.9375,-0.136719
50,49.9375,-0.136719
50,49.9375,-0.136719
50,49.9375,-0.136719
50,49.9375,-0.136719
50,49.9375,-0.136719
50,49.9375,-0.136719
50,49.9375,-0.136719
50,49.9375,-0.136719
50,49.9375,-0.136719
50,49.9375,-0.136719
50,49.9375,-0.136719
50,49.9375,-0.136719
50,49.9375,-0.136719
50,49.9375,-0.136719
50,49.9375,-0.136719
50,49.9375,-0.136719
50,49.9375,-0.136719
50,49.9375,-0.136719
50,49.9375,-0.136719
50,49.9375,-0.136719
50,49.9375,-0.132813
50,49.9375,-0.132813
50,49.9375,-0.132813
50,49.9375,-0.132813
50,49.9375,-0.132813
50,49.9375,-0.132813
50,49.9375,-0.132813
50,49.9375,-0.132813
50,49.9375,-0.132813
50,49.9375,-0.132813
50,49.9375,-0.132813
50,49.9375,-0.132813
50,49.9375,-0.132813
50,49.9375,-0.132813
50,49.9375,-0.132813
50,49.9375,-0.132813
50,49.9375,-0.132813
50,49.9375,-0.132813
50,49.9375,-0.132813
50,49.9375,-0.132813
50,49.9375,-0.132813
50,49.9375,-0.132813
50,49.9375,-0.132813
50,49.9375,-0.132813
50,49.9375,-0.132813
50,49.9375,-0.132813
50,49.9375,-0.132813
50,49.9375,-0.132813
50,49.9375,-0.128906
50,49.9375,-0.128906
50,49.9375,-0.128906
50,49.9375,-0.128906
50,49.9375,-0.128906
50,49.9375,-0.128906
50,49.9375,-0.128906
50,49.9375,-0.128906
50,49.9375,-0.128906
50,49.9375,-0.128906
50,49.9375,-0.128906
50,49.9375,-0.128906
50,49.9375,-0.128906
50,49.9375,-0.128906
50,49.9375,-0.128906
50,49.9375,-0.128906
50,49.9375,-0.128906
50,49.9375,-0.128906
50,49.9375,-0.128906
50,49.9375,-0.128906
50,49.9375,-0.128906
50,49.9375,-0.125
50,49.9375,-0.125
50,49.9375,-0.125
50,49.9375,-0.125
50,49.9375,-0.125
50,49.9375,-0.125
50,49.9375,-0.125
50,49.9375,-0.125
50,49.9375,-0.125
50,49.9375,-0.125
50,49.9375,-0.125
50,49.9375,-0.125
50,49.9375,-0.125
50,49.9375,-0.125
50,49.9375,-0.125
50,49.9375,-0.125
50,49.9375,-0.125
50,49.9375,-0.121094
50,49.9375,-0.121094
50,49.9375,-0.121094
50,49.9375,-0.121094
50,49.9375,-0.121094
50,49.9375,-0.121094
50,49.9375,-0.121094
50,49.9375,-0.121094
50,49.9375,-0.121094
50,49.9375,-0.121094
50,49.9375,-0.121094
50,49.9375,-0.121094
50,49.9375,-0.121094
50,49.9375,-0.121094
50,49.9375,-0.121094
50,49.9375,-0.117188
50,49.9375,-0.117188
50,49.9375,-0.117188
50,49.9375,-0.117188
50,49.9375,-0.117188
50,49.9375,-0.117188
50,49.9375,-0.117188
50,49.9375,-0.117188
50,49.9375,-0.117188
50,49.9375,-0.117188
50,49.9375,-0.117188
50,49.9375,-0.117188
50,49.9375,-0.117188
50,49.9375,-0.113281
50,49.9375,-0.113281
50,49.9375,-0.113281
50,49.9375,-0.113281
50,49.9375,-0.113281
50,49.9375,-0.113281
50,49.9375,-0.113281
50,49.9375,-0.113281
50,49.9375,-0.113281
50,49.9375,-0.113281
50,49.9375,-0.113281
50,49.9375,-0.113281
50,49.9375,-0.113281
50,49.9375,-0.109375
50,49.9375,-0.109375
50,49.9375,-0.109375
50,49.9375,-0.109375
50,49.9375,-0.109375
50,49.9375,-0.109375
50,49.9375,-0.109375
50,49.9375,-0.109375
50,49.9375,-0.109375
50,49.9375,-0.109375
50,49.9375,-0.109375
50,49.9375,-0.105469
50,49.9375,-0.105469
50,49.9375,-0.105469
50,49.9375,-0.105469
50,49.9375,-0.105469
50,49.9375,-0.105469
50,49.9375,-0.105469
50,49.9375,-0.105469
50,49.9375,-0.105469
50,49.9375,-0.105469
50,49.9375,-0.105469
50,49.9375,-0.101563
50,49.9375,-0.101563
50,49.9375,-0.101563
50,49.9375,-0.101563
50,49.9375,-0.101563
50,49.9375,-0.101563
50,49.9375,-0.101563
50,49.9375,-0.101563
50,49.9375,-0.101563
50,49.9375,-0.101563
50,49.9375,-0.0976563
50,49.9375,-0.0976563
50,49.9375,-0.0976563
50,49.9375,-0.0976563
50,49.9375,-0.0976563
50,49.9375,-0.0976563
50,49.9375,-0.0976563
50,49.9375,-0.0976563
50,49.9375,-0.0976563
50,49.9375,-0.0976563
50,49.9375,-0.09375
50,49.9375,-0.09375
50,49.9375,-0.09375
50,49.9375,-0.09375
50,49.9375,-0.09375
50,49.9375,-0.09375
50,49.9375,-0.09375
50,49.9375,-0.09375
50,49.9375,-0.09375
50,49.9375,-0.0898438
50,49.9375,-0.0898438
50,49.9375,-0.0898438
50,49.9375,-0.0898438
50,49.9375,-0.0898438
50,49.9375,-0.0898438
50,49.9375,-0.0898438
50,49.9375,-0.0898438
50,49.9375,-0.0898438
50,49.9375,-0.0859375
50,49.9375,-0.0859375
50,49.9375,-0.0859375
50,49.9375,-0.0859375
50,49.9375,-0.0859375
50,49.9375,-0.0859375
50,49.9375,-0.0859375
50,49.9375,-0.0859375
50,49.9375,-0.0859375
50,49.9375,-0.0820313
50,49.9375,-0.0820313
50,49.9375,-0.0820313
50,49.9375,-0.0820313
50,49.9375,-0.0820313
50,49.9375,-0.0820313
50,49.9375,-0.0820313
50,49.9375,-0.0820313
50,49.9375,-0.078125
50,49.9375,-0.078125
50,49.9375,-0.078125
50,49.9375,-0.078125
50,49.9375,-0.078125
50,49.9375,-0.078125
50,49.9375,-0.078125
50,49.9375,-0.078125
50,49.9375,-0.0742188
50,49.9375,-0.0742188
50,49.9375,-0.0742188
50,49.9375,-0.0742188
50,49.9375,-0.0742188
50,49.9375,-0.0742188
50,49.9375,-0.0742188
50,49.9375,-0.0742188
0,49.9375,-0.0703125
0,49.9375,-0.242188
0,49.8984,-0.394531
0,49.6875,-0.453125
0,49.1367,-0.394531
0,48.2344,-0.289063
0,47.2344,-0.300781
0,46.2344,-0.359375
0,45.1602,-0.375
0,44.0117,-0.375
0,42.7969,-0.375
0,41.4727,-0.332031
0,40.125,-0.328125
0,38.7734,-0.335938
0,37.4609,-0.363281
0,36.125,-0.351563
0,34.7617,-0.332031
0,33.3594,-0.300781
0,31.9844,-0.300781
0,30.6367,-0.296875
0,29.3359,-0.3125
0,28.0742,-0.320313
0,26.7969,-0.296875
0,25.5625,-0.300781
0,24.3242,-0.28125
0,23.1094,-0.273438
0,21.8984,-0.25
0,20.75,-0.261719
0,19.6719,-0.285156
0,18.5977,-0.269531
0,17.5352,-0.253906
0,16.5,-0.25
0,15.4609,-0.226563
0,14.4609,-0.222656
0,13.5,-0.222656
0,12.5742,-0.222656
0,11.6992,-0.230469
0,10.875,-0.246094
0,10.0469,-0.230469
0,9.22266,-0.210938
0,8.42188,-0.203125
0,7.67188,-0.214844
0,6.9375,-0.207031
0,6.19922,-0.1875
0,5.47266,-0.175781
0,4.79688,-0.183594
0,4.10938,-0.160156
0,3.47266,-0.167969
0,2.89844,-0.1875
0,2.375,-0.207031
0,1.875,-0.214844
0,1.35938,-0.195313
0,0.8125,-0.160156
0,0.261719,-0.144531
0,-0.222656,-0.164063
0,-0.699219,-0.15625
0,-1.125,-0.175781
0,-1.57422,-0.148438
0,-2.07422,-0.101563
0,-2.51172,-0.121094
0,-2.92188,-0.121094
0,-3.28516,-0.136719
0,-3.63672,-0.132813
0,-3.96094,-0.136719
0,-4.25,-0.152344
0,-4.53516,-0.144531
0,-4.85938,-0.113281
0,-5.17188,-0.109375
0,-5.42188,-0.132813
0,-5.63672,-0.152344
0,-5.82422,-0.164063
0,-6.01172,-0.160156
0,-6.21094,-0.152344
0,-6.42188,-0.136719
0,-6.63672,-0.128906
0,-6.8125,-0.144531
0,-6.96094,-0.15625
0,-7.10938,-0.152344
0,-7.3125,-0.117188
0,-7.57422,-0.0703125
0,-7.83594,-0.0507813
0,-8.04688,-0.0625
0,-8.19922,-0.0898438
0,-8.27344,-0.128906
0,-8.33594,-0.132813
0,-8.41016,-0.125
0,-8.5,-0.117188
0,-8.59766,-0.105469
0,-8.69922,-0.101563
0,-8.77344,-0.109375
0,-8.84766,-0.105469
0,-8.92188,-0.101563
0,-8.97266,-0.109375
0,-9.02344,-0.109375
0,-9.0625,-0.113281
0,-9.09766,-0.109375
0,-9.13672,-0.105469
0,-9.14844,-0.121094
0,-9.17188,-0.109375
0,-9.19922,-0.109375
0,-9.22266,-0.105469
0,-9.23438,-0.109375
0,-9.25,-0.109375
0,-9.26172,-0.105469
0,-9.26172,-0.109375
0,-9.27344,-0.101563
0,-9.27344,-0.105469
0,-9.27344,-0.101563
0,-9.27344,-0.0976563
0,-9.27344,-0.0976563
0,-9.27344,-0.09375
0,-9.27344,-0.0898438
0,-9.27344,-0.0859375
0,-9.27344,-0.0820313
0,-9.27344,-0.078125
0,-9.27344,-0.0703125
0,-9.27344,-0.0664063
0,-9.27344,-0.0625
0,-9.27344,-0.0546875
0,-9.27344,-0.0507813
0,-9.27344,-0.0429688
0,-9.27344,-0.0351563
0,-9.27344,-0.0273438
0,-9.27344,-0.0234375
0,-9.27344,-0.015625
0,-9.27344,-0.0078125
0,-9.27344,0
0,-9.27344,0.0078125
0,-9.27344,0.015625
0,-9.27344,0.0234375
0,-9.27344,0.0351563
0,-9.27344,0.0429688
0,-9.27344,0.0546875
0,-9.27344,0.0625
0,-9.27344,0.0742188
0,-9.27344,0.0859375
0,-9.26172,0.0898438
0,-9.23438,0.0898438
0,-9.1875,0.0820313
0,-9.125,0.0820313
0,-9.0625,0.0859375
0,-9.01172,0.0976563
0,-8.94922,0.0976563
0,-8.875,0.09375
0,-8.8125,0.105469
0,-8.75,0.113281
0,-8.67188,0.109375
0,-8.59766,0.113281
0,-8.52344,0.117188
0,-8.44922,0.121094
0,-8.375,0.125
0,-8.28516,0.121094
0,-8.1875,0.117188
0,-8.04688,0.09375
0,-7.91016,0.0898438
0,-7.78516,0.09375
0,-7.69922,0.117188
0,-7.63672,0.132813
0,-7.59766,0.15625
0,-7.57422,0.171875
0,-7.54688,0.179688
0,-7.5,0.171875
0,-7.4375,0.171875
0,-7.38672,0.183594
0,-7.32422,0.183594
0,-7.25,0.179688
0,-7.17188,0.183594
0,-7.0625,0.164063
0,-6.89844,0.132813
0,-6.6875,0.0976563
0,-6.44922,0.0664063
0,-6.23438,0.0664063
0,-6.04688,0.0703125
0,-5.89844,0.0820313
0,-5.77344,0.0898438
0,-5.67188,0.101563
0,-5.59766,0.117188
0,-5.52344,0.117188
0,-5.44922,0.117188
0,-5.34766,0.101563
0,-5.25,0.0976563
0,-5.14844,0.0976563
0,-5.04688,0.09375
0,-4.96094,0.0976563
0,-4.89844,0.113281
0,-4.875,0.136719
0,-4.84766,0.140625
0,-4.83594,0.152344
0,-4.8125,0.152344
0,-4.77344,0.148438
0,-4.75,0.160156
0,-4.69922,0.152344
0,-4.66016,0.164063
0,-4.625,0.167969
0,-4.57422,0.164063
0,-4.52344,0.164063
0,-4.48438,0.175781
0,-4.42188,0.164063
0,-4.34766,0.15625
0,-4.25,0.140625
0,-4.10938,0.113281
0,-3.94922,0.0898438
0,-3.77344,0.0703125
0,-3.64844,0.0898438
0,-3.54688,0.0976563
0,-3.47266,0.109375
0,-3.42188,0.121094
0,-3.35938,0.117188
0,-3.29688,0.113281
0,-3.23438,0.113281
0,-3.16016,0.101563
0,-3.09766,0.109375
0,-3.03516,0.105469
0,-2.98438,0.113281
0,-2.9375,0.113281
0,-2.88672,0.113281
0,-2.84766,0.117188
0,-2.79688,0.113281
0,-2.75,0.109375
0,-2.71094,0.117188
0,-2.67188,0.117188
0,-2.64844,0.125
0,-2.60938,0.121094
0,-2.57422,0.121094
0,-2.54688,0.128906
0,-2.52344,0.132813
0,-2.48438,0.125
0,-2.4375,0.117188
0,-2.39844,0.125
0,-2.35938,0.125
0,-2.3125,0.117188
0,-2.25,0.105469
0,-2.19922,0.113281
0,-2.125,0.09375
0,-2.0625,0.0976563
0,-2,0.09375
0,-1.9375,0.0898438
0,-1.875,0.0859375
0,-1.83594,0.0976563
0,-1.82422,0.113281
0,-1.82422,0.125
0,-1.8125,0.117188
0,-1.8125,0.128906
0,-1.79688,0.125
0,-1.78516,0.125
0,-1.77344,0.128906
0,-1.76172,0.128906
0,-1.75,0.132813
0,-1.73438,0.132813
0,-1.72266,0.136719
0,-1.69922,0.128906
0,-1.69922,0.144531
0,-1.6875,0.140625
0,-1.67188,0.144531
0,-1.66016,0.144531
0,-1.64844,0.148438
0,-1.63672,0.148438
0,-1.625,0.152344
0,-1.60938,0.152344
0,-1.59766,0.15625
0,-1.58594,0.15625
0,-1.5625,0.152344
0,-1.54688,0.160156
0,-1.54688,0.167969
0,-1.53516,0.164063
0,-1.52344,0.167969
0,-1.51172,0.167969
0,-1.5,0.171875
0,-1.48438,0.171875
0,-1.48438,0.183594
0,-1.47266,0.179688
0,-1.44922,0.171875
0,-1.42188,0.175781
0,-1.42188,0.191406
0,-1.41016,0.1875
0,-1.38672,0.179688
0,-1.35938,0.179688
0,-1.33594,0.179688
0,-1.32422,0.191406
0,-1.29688,0.183594
0,-1.27344,0.183594
0,-1.23438,0.175781
0,-1.1875,0.167969
0,-1.13672,0.164063
0,-1.08594,0.164063
0,-1.01172,0.144531
0,-0.898438,0.117188
0,-0.75,0.0820313
0,-0.597656,0.0664063
0,-0.472656,0.0664063
0,-0.386719,0.078125
0,-0.3125,0.078125
0,-0.261719,0.0859375
0,-0.234375,0.09375
0,-0.210938,0.09375
0,-0.199219,0.0976563
0,-0.199219,0.101563
0,-0.199219,0.101563
0,-0.1875,0.09375
0,-0.1875,0.101563
0,-0.171875,0.09375
0,-0.171875,0.101563
0,-0.171875,0.101563
0,-0.171875,0.101563
0,-0.171875,0.101563
0,-0.160156,0.09375
0,-0.160156,0.0976563
0,-0.160156,0.0976563
0,-0.160156,0.0976563
0,-0.160156,0.0976563
0,-0.160156,0.0976563
0,-0.160156,0.0976563
0,-0.160156,0.0976563
0,-0.160156,0.0976563
0,-0.160156,0.0976563
0,-0.160156,0.0976563
0,-0.160156,0.0976563
0,-0.160156,0.0976563
0,-0.160156,0.0976563
0,-0.160156,0.0976563
0,-0.160156,0.0976563
0,-0.160156,0.0976563
0,-0.160156,0.0976563
0,-0.160156,0.0976563
0,-0.160156,0.0976563
0,-0.160156,0.0976563
0,-0.160156,0.0976563
0,-0.160156,0.0976563
0,-0.160156,0.0976563
0,-0.160156,0.0976563
0,-0.160156,0.0976563
0,-0.160156,0.0976563
0,-0.160156,0.0976563
0,-0.160156,0.0976563
0,-0.160156,0.0976563
0,-0.160156,0.0976563
0,-0.160156,0.0976563
0,-0.160156,0.0976563
0,-0.160156,0.0976563
0,-0.160156,0.0976563
0,-0.160156,0.0976563
0,-0.160156,0.0976563
0,-0.160156,0.0976563
0,-0.160156,0.0976563
0,-0.160156,0.0976563
0,-0.160156,0.0976563
0,-0.160156,0.0976563
0,-0.160156,0.0976563
0,-0.160156,0.0976563
0,-0.160156,0.0976563
0,-0.160156,0.0976563
0,-0.160156,0.0976563
0,-0.160156,0.0976563
0,-0.160156,0.0976563
0,-0.160156,0.0976563
0,-0.160156,0.0976563
0,-0.160156,0.0976563
0,-0.160156,0.0976563
0,-0.160156,0.0976563
0,-0.160156,0.0976563
0,-0.160156,0.0976563
0,-0.160156,0.0976563
0,-0.160156,0.0976563
0,-0.160156,0.0976563
0,-0.160156,0.0976563
0,-0.160156,0.101563
0,-0.160156,0.101563
0,-0.160156,0.101563
0,-0.160156,0.101563
0,-0.160156,0.101563
0,-0.160156,0.101563
0,-0.160156,0.101563
0,-0.160156,0.101563
0,-0.160156,0.101563
0,-0.160156,0.101563
0,-0.160156,0.101563
0,-0.160156,0.101563
0,-0.160156,0.101563
0,-0.160156,0.101563
0,-0.160156,0.101563
0,-0.160156,0.101563
0,-0.160156,0.101563
0,-0.160156,0.101563
0,-0.160156,0.105469
0,-0.160156,0.105469
0,-0.160156,0.105469
0,-0.160156,0.105469
0,-0.160156,0.105469
0,-0.160156,0.105469
0,-0.148438,0.0976563
0,-0.148438,0.105469
0,-0.148438,0.105469
0,-0.148438,0.105469
0,-0.148438,0.105469
0,-0.148438,0.105469
0,-0.148438,0.105469
0,-0.148438,0.105469
0,-0.148438,0.105469
0,-0.148438,0.105469
0,-0.148438,0.105469
0,-0.148438,0.105469
0,-0.148438,0.109375
0,-0.148438,0.109375
0,-0.148438,0.109375
0,-0.148438,0.109375
0,-0.148438,0.109375
0,-0.148438,0.109375
0,-0.148438,0.109375
0,-0.148438,0.109375
0,-0.148438,0.109375
0,-0.148438,0.109375
0,-0.148438,0.109375
0,-0.136719,0.101563
0,-0.136719,0.109375
0,-0.136719,0.109375
0,-0.136719,0.109375
0,-0.125,0.101563
0,-0.125,0.109375
0,-0.125,0.109375
0,-0.125,0.109375
0,-0.109375,0.101563
0,-0.109375,0.109375
0,-0.109375,0.109375
0,-0.109375,0.109375
0,-0.0976563,0.101563
0,-0.0976563,0.109375
0,-0.0976563,0.109375
0,-0.0976563,0.109375
0,-0.0976563,0.109375
0,-0.0859375,0.101563
0,-0.0859375,0.109375
0,-0.0859375,0.109375
0,-0.0859375,0.109375
0,-0.0742188,0.101563
0,-0.0742188,0.109375
0,-0.0742188,0.109375
0,-0.0742188,0.109375
0,-0.0742188,0.109375
0,-0.0742188,0.109375
0,-0.0742188,0.109375
0,-0.0742188,0.109375
0,-0.0625,0.101563
0,-0.0625,0.109375
0,-0.0625,0.109375
0,-0.0625,0.109375
0,-0.0625,0.109375
0,-0.0625,0.109375
0,-0.0625,0.109375
0,-0.046875,0.101563
0,-0.046875,0.109375
0,-0.046875,0.109375
0,-0.046875,0.109375
0,-0.046875,0.109375
0,-0.046875,0.109375
0,-0.046875,0.109375
0,-0.046875,0.109375
0,-0.046875,0.109375
0,-0.046875,0.109375
0,-0.046875,0.109375
0,-0.046875,0.109375
0,-0.046875,0.109375
0,-0.046875,0.109375
0,-0.046875,0.109375
0,-0.046875,0.109375
0,-0.046875,0.113281
0,-0.046875,0.113281
0,-0.0351563,0.105469
0,-0.0351563,0.109375
0,-0.0351563,0.109375
0,-0.0351563,0.109375
0,-0.0351563,0.109375
0,-0.0351563,0.109375
0,-0.0234375,0.101563
0,-0.0234375,0.109375
0,-0.0234375,0.109375
0,-0.0234375,0.109375
0,-0.0234375,0.109375
0,-0.0234375,0.109375
0,-0.0234375,0.109375
0,-0.0117188,0.101563
0,-0.0117188,0.109375
0,-0.0117188,0.109375
0,-0.0117188,0.109375
0,-0.0117188,0.109375
0,-0.0117188,0.109375
0,-0.0117188,0.109375
0,-0.0117188,0.109375
0,0,0.101563
0,0,0.109375
0,0,0.109375
0,0,0.109375
0,0,0.109375
0,0,0.109375
0,0,0.109375
0,0,0.109375
0,0,0.109375
0,0,0.109375
0,0,0.109375
0,0,0.109375
0,0,0.109375
0,0,0.109375
0,0,0.109375
0,0,0.109375
0,0,0.109375
0,0,0.109375
0,0,0.109375
0,0,0.109375
0,0,0.109375
0,0,0.109375
0,0,0.109375
0,0,0.109375
0,0,0.109375
0,0,0.109375
0,0,0.109375
0,0,0.109375
0,0,0.109375
0,0,0.109375
0,0,0.109375
0,0,0.109375
0,0,0.109375
0,0,0.109375
0,0,0.109375
0,0,0.109375
0,0,0.109375
0,0,0.109375
0,0,0.109375
0,0,0.109375
0,0,0.109375
0,0,0.109375
0,0,0.109375
0,0,0.109375
0,0,0.109375
0,0.0117188,0.101563
0,0.0117188,0.105469
0,0.0117188,0.105469
0,0.0117188,0.105469
0,0.0117188,0.105469
0,0.0117188,0.105469
0,0.0117188,0.105469
0,0.0117188,0.105469
0,0.0117188,0.105469
0,0.0117188,0.105469
0,0.0117188,0.105469
0,0.0117188,0.105469
0,0.0117188,0.105469
0,0.0117188,0.105469
0,0.0117188,0.105469
0,0.0117188,0.105469
0,0.0117188,0.105469
0,0.0117188,0.105469
0,0.0117188,0.105469
0,0.0117188,0.105469
0,0.0117188,0.105469
0,0.0117188,0.105469
0,0.0117188,0.105469
0,0.0117188,0.105469
0,0.0117188,0.105469
0,0.0117188,0.105469
0,0.0117188,0.105469
0,0.0117188,0.105469
0,0.0117188,0.105469
0,0.0117188,0.105469
0,0.0117188,0.105469
0,0.0117188,0.105469
0,0.0117188,0.105469
0,0.0117188,0.105469
0,0.0117188,0.105469
0,0.0117188,0.105469
0,0.0117188,0.105469
0,0.0117188,0.105469
0,0.0117188,0.105469
0,0.0117188,0.105469
0,0.0117188,0.105469
0,0.0117188,0.105469
0,0.0117188,0.105469
0,0.0117188,0.105469
0,0.0117188,0.105469
0,0.0117188,0.105469
0,0.0117188,0.105469
0,0.0117188,0.105469
0,0.0117188,0.105469
0,0.0117188,0.105469
0,0.0117188,0.105469
0,0.0117188,0.105469
0,0.0117188,0.105469
0,0.0117188,0.105469
0,0.0117188,0.105469
0,0.0117188,0.105469
0,0.0117188,0.105469
0,0.0117188,0.105469
0,0.0117188,0.105469
0,0.0117188,0.105469
0,0.0117188,0.105469
0,0.0117188,0.105469
0,0.0117188,0.105469
0,0.0117188,0.105469
0,0.0117188,0.105469
0,0.0117188,0.105469
0,0.0117188,0.105469
0,0.0117188,0.105469
0,0.0117188,0.105469
0,0.0117188,0.105469
0,0.0117188,0.105469
0,0.0117188,0.105469
0,0.0117188,0.105469
0,0.0117188,0.105469
0,0.0117188,0.105469
0,0.0117188,0.105469
0,0.0117188,0.101563
0,0.0117188,0.101563
0,0.0117188,0.101563
0,0.0117188,0.101563
0,0.0117188,0.101563
0,0.0117188,0.101563
0,0.0117188,0.101563
0,0.0117188,0.101563
0,0.0117188,0.101563
0,0.0117188,0.101563
0,0.0117188,0.101563
0,0.0117188,0.101563
0,0.0117188,0.101563
0,0.0117188,0.101563
0,0.0117188,0.101563
0,0.0117188,0.101563
0,0.0117188,0.101563
0,0.0117188,0.101563
0,0.0117188,0.101563
0,0.0117188,0.101563
0,0.0117188,0.101563
0,0.0117188,0.101563
0,0.0117188,0.101563
0,0.0117188,0.101563
0,0.0117188,0.101563
0,0.0117188,0.101563
0,0.0117188,0.101563
0,0.0117188,0.101563
0,0.0117188,0.101563
0,0.0117188,0.101563
0,0.0117188,0.101563
0,0.0117188,0.101563
0,0.0117188,0.101563
0,0.0117188,0.101563
0,0.0117188,0.101563
0,0.0117188,0.101563
0,0.0117188,0.101563
0,0.0117188,0.101563
0,0.0117188,0.101563
0,0.0117188,0.101563
0,0.0117188,0.101563
0,0.0117188,0.101563
0,0.0117188,0.101563
0,0.0117188,0.101563
0,0.0117188,0.101563
0,0.0117188,0.101563
0,0.0117188,0.101563
0,0.0117188,0.101563
0,0.0117188,0.101563
0,0.0117188,0.101563
0,0.0117188,0.101563
0,0.0117188,0.101563
0,0.0117188,0.101563
0,0.0117188,0.0976563
0,0.0117188,0.0976563
0,0.0117188,0.0976563
0,0.0117188,0.0976563
0,0.0117188,0.0976563
0,0.0117188,0.0976563
0,0.0117188,0.0976563
0,0.0117188,0.0976563
0,0.0117188,0.0976563
0,0.0117188,0.0976563
0,0.0117188,0.0976563
0,0.0117188,0.0976563
0,0.0117188,0.0976563
0,0.0117188,0.0976563
0,0.0117188,0.0976563
0,0.0117188,0.0976563
0,0.0117188,0.0976563
0,0.0117188,0.0976563
0,0.0117188,0.0976563
0,0.0117188,0.0976563
0,0.0117188,0.0976563
0,0.0117188,0.0976563
0,0.0117188,0.0976563
0,0.0117188,0.0976563
0,0.0117188,0.0976563
0,0.0117188,0.0976563
0,0.0117188,0.0976563
0,0.0117188,0.0976563
0,0.0117188,0.0976563
0,0.0117188,0.0976563
0,0.0117188,0.0976563
0,0.0117188,0.0976563
0,0.0117188,0.0976563
0,0.0117188,0.0976563
0,0.0117188,0.0976563
0,0.0117188,0.0976563
0,0.0117188,0.0976563
0,0.0117188,0.0976563
0,0.0117188,0.0976563
0,0.0117188,0.0976563
0,0.0117188,0.0976563
0,0.0117188,0.0976563
0,0.0117188,0.0976563
0,0.0117188,0.09375
0,0.0117188,0.09375
0,0.0117188,0.09375
0,0.0117188,0.09375
0,0.0117188,0.09375
0,0.0117188,0.09375
0,0.0117188,0.09375
0,0.0117188,0.09375
0,0.0117188,0.09375
0,0.0117188,0.09375
0,0.0117188,0.09375
0,0.0117188,0.09375
0,0.0117188,0.09375
0,0.0117188,0.09375
0,0.0117188,0.09375
0,0.0117188,0.09375
0,0.0117188,0.09375
0,0.0117188,0.09375
0,0.0117188,0.09375
0,0.0117188,0.09375
0,0.0117188,0.09375
0,0.0117188,0.09375
0,0.0117188,0.09375
0,0.0117188,0.09375
0,0.0117188,0.09375
0,0.0117188,0.09375
0,0.0117188,0.09375
0,0.0117188,0.09375
0,0.0117188,0.09375
0,0.0117188,0.09375
0,0.0117188,0.09375
0,0.0117188,0.09375
0,0.0117188,0.09375
0,0.0117188,0.09375
0,0.0117188,0.09375
0,0.0117188,0.09375
0,0.0117188,0.0898438
0,0.0117188,0.0898438
0,0.0117188,0.0898438
0,0.0117188,0.0898438
0,0.0117188,0.0898438
0,0.0117188,0.0898438
0,0.0117188,0.0898438
0,0.0117188,0.0898438
0,0.0117188,0.0898438
0,0.0117188,0.0898438
0,0.0117188,0.0898438
0,0.0117188,0.0898438
0,0.0117188,0.0898438
0,0.0117188,0.0898438
0,0.0117188,0.0898438
0,0.0117188,0.0898438
0,0.0117188,0.0898438
0,0.0117188,0.0898438
0,0.0117188,0.0898438
0,0.0117188,0.0898438
0,0.0117188,0.0898438
0,0.0117188,0.0898438
0,0.0117188,0.0898438
0,0.0117188,0.0898438
0,0.0117188,0.0898438
0,0.0117188,0.0898438
0,0.0117188,0.0898438
0,0.0117188,0.0898438
0,0.0117188,0.0898438
0,0.0117188,0.0898438
0,0.0117188,0.0898438
0,0.0117188,0.0898438
0,0.0117188,0.0859375
0,0.0117188,0.0859375
0,0.0117188,0.0859375
0,0.0117188,0.0859375
0,0.0117188,0.0859375
0,0.0117188,0.0859375
0,0.0117188,0.0859375
0,0.0117188,0.0859375
0,0.0117188,0.0859375
0,0.0117188,0.0859375
0,0.0117188,0.0859375
0,0.0117188,0.0859375
0,0.0117188,0.0859375
0,0.0117188,0.0859375
0,0.0117188,0.0859375
0,0.0117188,0.0859375
0,0.0117188,0.0859375
0,0.0117188,0.0859375
0,0.0117188,0.0859375
0,0.0117188,0.0859375
0,0.0117188,0.0859375
0,0.0117188,0.0859375
0,0.0117188,0.0859375
0,0.0117188,0.0859375
0,0.0117188,0.0859375
0,0.0117188,0.0859375
0,0.0117188,0.0859375
0,0.0117188,0.0859375
50,0.0117188,0.0859375
50,0.0117188,0.257813
50,0.0742188,0.390625
50,0.375,0.410156
50,1.02344,0.332031
50,1.88672,0.300781
50,2.84766,0.316406
50,3.875,0.34375
50,4.94922,0.367188
50,6.09766,0.367188
50,7.32422,0.359375
50,8.59766,0.355469
50,9.91016,0.347656
50,11.2617,0.335938
50,12.6484,0.316406
50,14.0234,0.320313
50,15.3867,0.320313
50,16.7227,0.328125
50,18.0469,0.328125
50,19.375,0.316406
50,20.6992,0.300781
50,22.0234,0.28125
50,23.3242,0.273438
50,24.5742,0.28125
50,25.7617,0.300781
50,26.9492,0.285156
50,28.1094,0.277344
50,29.2734,0.257813
50,30.4102,0.25
50,31.5117,0.246094
50,32.5742,0.246094
50,33.5977,0.246094
50,34.5859,0.25
50,35.5234,0.261719
50,36.4727,0.234375
50,37.3984,0.230469
50,38.2969,0.222656
50,39.1992,0.203125
50,40.0742,0.191406
50,40.9102,0.191406
50,41.6875,0.207031
50,42.4102,0.222656
50,43.1094,0.222656
50,43.7852,0.222656
50,44.4727,0.203125
50,45.1719,0.175781
50,45.8477,0.171875
50,46.4844,0.175781
50,47.0742,0.1875
50,47.6484,0.183594
50,48.2344,0.160156
50,48.8125,0.148438
50,49.3477,0.152344
50,49.8242,0.175781
50,50.2969,0.164063
50,50.7734,0.152344
50,51.2227,0.152344
50,51.6367,0.164063
50,52.0234,0.167969
50,52.4219,0.152344
50,52.7734,0.171875
50,53.0742,0.195313
50,53.4219,0.160156
50,53.7969,0.132813
50,54.1719,0.121094
50,54.5117,0.128906
50,54.8242,0.128906
50,55.0977,0.140625
50,55.3594,0.140625
50,55.5742,0.164063
50,55.7734,0.167969
50,56.0352,0.128906
50,56.3477,0.0859375
50,56.6484,0.0742188
50,56.9219,0.0742188
50,57.1719,0.0742188
50,57.3984,0.0742188
50,57.5859,0.0859375
50,57.75,0.0898438
50,57.8984,0.09375
50,58.0742,0.0703125
50,58.2227,0.0742188
50,58.3477,0.0820313
50,58.4219,0.109375
50,58.4375,0.144531
50,58.4375,0.160156
50,58.4375,0.164063
50,58.4492,0.164063
50,58.4727,0.160156
50,58.5,0.164063
50,58.5352,0.15625
50,58.5625,0.167969
50,58.5742,0.175781
50,58.5859,0.179688
50,58.5977,0.179688
50,58.625,0.175781
50,58.6484,0.175781
50,58.6719,0.175781
50,58.6992,0.175781
50,58.7227,0.175781
50,58.7344,0.179688
50,58.7617,0.171875
50,58.7852,0.171875
50,58.8242,0.160156
50,58.8594,0.15625
50,58.8984,0.152344
50,58.9492,0.140625
50,59.0234,0.117188
50,59.125,0.09375
50,59.2227,0.078125
50,59.3242,0.0664063
50,59.4102,0.0585938
50,59.4492,0.0742188
50,59.4492,0.0898438
50,59.4492,0.0859375
50,59.4492,0.0820313
50,59.4492,0.0742188
50,59.4492,0.0703125
50,59.4492,0.0625
50,59.4492,0.0546875
50,59.4492,0.0507813
50,59.4492,0.0429688
50,59.4492,0.0351563
50,59.4492,0.0273438
50,59.4492,0.0195313
50,59.4492,0.0117188
50,59.4492,0.00390625
50,59.4492,-0.00390625
50,59.4492,-0.0117188
50,59.4492,-0.0195313
50,59.4492,-0.03125
50,59.4492,-0.0390625
50,59.4492,-0.0507813
50,59.4492,-0.0625
50,59.4492,-0.0742188
50,59.4492,-0.0859375
50,59.4375,-0.0859375
50,59.4219,-0.0976563
50,59.3984,-0.101563
50,59.3594,-0.101563
50,59.3125,-0.101563
50,59.2734,-0.117188
50,59.2227,-0.121094
50,59.1719,-0.125
50,59.125,-0.132813
50,59.0625,-0.132813
50,58.9844,-0.132813
50,58.875,-0.113281
50,58.7109,-0.0820313
50,58.5117,-0.0546875
50,58.2969,-0.0390625
50,58.1367,-0.0585938
50,58.0234,-0.0820313
50,58,-0.136719
50,58,-0.160156
50,58,-0.171875
50,57.9609,-0.160156
50,57.9102,-0.164063
50,57.8359,-0.152344
50,57.7734,-0.164063
50,57.6875,-0.15625
50,57.5742,-0.144531
50,57.4375,-0.128906
50,57.2969,-0.125
50,57.1719,-0.128906
50,57.0625,-0.132813
50,56.9609,-0.140625
50,56.8477,-0.132813
50,56.75,-0.140625
50,56.6484,-0.140625
50,56.5469,-0.140625
50,56.4492,-0.140625
50,56.3359,-0.132813
50,56.2227,-0.128906
50,56.125,-0.136719
50,56.0352,-0.144531
50,55.9727,-0.160156
50,55.9102,-0.164063
50,55.8359,-0.15625
50,55.7344,-0.144531
50,55.625,-0.136719
50,55.4844,-0.117188
50,55.3242,-0.09375
50,55.125,-0.0625
50,54.9609,-0.0742188
50,54.8242,-0.078125
50,54.75,-0.109375
50,54.6992,-0.125
50,54.6719,-0.144531
50,54.6367,-0.140625
50,54.5859,-0.136719
50,54.5234,-0.128906
50,54.4492,-0.121094
50,54.375,-0.121094
50,54.2852,-0.113281
50,54.1992,-0.109375
50,54.1094,-0.109375
50,54.0234,-0.105469
50,53.9492,-0.109375
50,53.875,-0.109375
50,53.8125,-0.113281
50,53.75,-0.113281
50,53.6992,-0.121094
50,53.6484,-0.121094
50,53.5859,-0.117188
50,53.5352,-0.121094
50,53.4844,-0.121094
50,53.4375,-0.125
50,53.3867,-0.125
50,53.3359,-0.125
50,53.2969,-0.132813
50,53.2617,-0.132813
50,53.2344,-0.144531
50,53.2109,-0.144531
50,53.1875,-0.148438
50,53.1484,-0.144531
50,53.1094,-0.144531
50,53.0742,-0.148438
50,53,-0.125
50,52.8984,-0.109375
50,52.75,-0.0703125
50,52.5742,-0.0429688
50,52.375,-0.0117188
50,52.1992,-0.0078125
50,52.0625,-0.015625
50,52,-0.0507813
50,51.9844,-0.078125
50,51.9844,-0.0898438
50,51.9844,-0.0898438
50,51.9844,-0.09375
50,51.9844,-0.0976563
50,51.9844,-0.101563
50,51.9844,-0.101563
50,51.9844,-0.105469
50,51.9844,-0.109375
50,51.9844,-0.113281
50,51.9844,-0.117188
50,51.9844,-0.117188
50,51.9844,-0.121094
50,51.9844,-0.125
50,51.9727,-0.121094
50,51.9609,-0.125
50,51.9375,-0.117188
50,51.9219,-0.128906
50,51.9102,-0.128906
50,51.8867,-0.125
50,51.8594,-0.125
50,51.8359,-0.125
50,51.7969,-0.117188
50,51.7734,-0.125
50,51.7344,-0.117188
50,51.6875,-0.109375
50,51.6367,-0.105469
50,51.5742,-0.0976563
50,51.5,-0.0859375
50,51.4375,-0.0859375
50,51.3867,-0.0898438
50,51.3359,-0.0898438
50,51.2969,-0.09375
50,51.2617,-0.0898438
50,51.2344,-0.0976563
50,51.2109,-0.0976563
50,51.1719,-0.0859375
50,51.1602,-0.101563
50,51.1367,-0.09375
50,51.1094,-0.09375
50,51.0977,-0.101563
50,51.0742,-0.09375
50,51.0625,-0.0976563
50,51.0469,-0.101563
50,51.0234,-0.09375
50,51,-0.0898438
50,50.9844,-0.0976563
50,50.9844,-0.105469
50,50.9727,-0.101563
50,50.9492,-0.09375
50,50.9375,-0.101563
50,50.9219,-0.101563
50,50.9219,-0.109375
50,50.9102,-0.101563
50,50.8984,-0.101563
50,50.875,-0.09375
50,50.8594,-0.101563
50,50.8477,-0.101563
50,50.8359,-0.101563
50,50.8242,-0.101563
50,50.8125,-0.101563
50,50.7969,-0.101563
50,50.7852,-0.101563
50,50.7617,-0.09375
50,50.75,-0.101563
50,50.75,-0.109375
50,50.7344,-0.101563
50,50.7227,-0.101563
50,50.6992,-0.09375
50,50.6992,-0.109375
50,50.6875,-0.101563
50,50.6602,-0.09375
50,50.6484,-0.101563
50,50.6367,-0.101563
50,50.625,-0.101563
50,50.6094,-0.101563
50,50.5859,-0.09375
50,50.5742,-0.0976563
50,50.5469,-0.0898438
50,50.5352,-0.0976563
50,50.5234,-0.09375
50,50.5,-0.0859375
50,50.4727,-0.0859375
50,50.4609,-0.0898438
50,50.4492,-0.0898438
50,50.4375,-0.0898438
50,50.4219,-0.0898438
50,50.4102,-0.0898438
50,50.3984,-0.0898438
50,50.3984,-0.09375
50,50.3867,-0.0898438
50,50.375,-0.0859375
50,50.3594,-0.0859375
50,50.3594,-0.09375
50,50.3594,-0.09375
50,50.3477,-0.0859375
50,50.3477,-0.09375
50,50.3477,-0.09375
50,50.3359,-0.0859375
50,50.3359,-0.09375
50,50.3359,-0.09375
50,50.3242,-0.0859375
50,50.3242,-0.09375
50,50.3242,-0.09375
50,50.3242,-0.09375
50,50.3125,-0.0898438
50,50.3125,-0.09375
50,50.3125,-0.0976563
50,50.2969,-0.0898438
50,50.2969,-0.09375
50,50.2969,-0.0976563
50,50.2969,-0.0976563
50,50.2969,-0.0976563
50,50.2969,-0.0976563
50,50.2852,-0.0898438
50,50.2852,-0.0976563
50,50.2852,-0.0976563
50,50.2852,-0.0976563
50,50.2734,-0.0898438
50,50.2734,-0.0976563
50,50.2734,-0.0976563
50,50.2734,-0.0976563
50,50.2734,-0.101563
50,50.2617,-0.09375
50,50.2617,-0.0976563
50,50.2617,-0.101563
50,50.2617,-0.101563
50,50.2617,-0.101563
50,50.25,-0.09375
50,50.25,-0.101563
50,50.25,-0.101563
50,50.25,-0.101563
50,50.25,-0.101563
50,50.25,-0.101563
50,50.2344,-0.0976563
50,50.2344,-0.101563
50,50.2344,-0.101563
50,50.2344,-0.105469
50,50.2344,-0.105469
50,50.2227,-0.0976563
50,50.2227,-0.105469
50,50.2227,-0.105469
50,50.2227,-0.105469
50,50.2109,-0.0976563
50,50.2109,-0.105469
50,50.2109,-0.105469
50,50.2109,-0.105469
50,50.2109,-0.105469
50,50.1992,-0.0976563
50,50.1992,-0.105469
50,50.1992,-0.105469
50,50.1992,-0.105469
50,50.1992,-0.109375
50,50.1992,-0.109375
50,50.1875,-0.101563
50,50.1875,-0.109375
50,50.1875,-0.109375
50,50.1875,-0.109375
50,50.1875,-0.109375
50,50.1719,-0.101563
50,50.1719,-0.109375
50,50.1719,-0.109375
50,50.1719,-0.109375
50,50.1719,-0.109375
50,50.1719,-0.109375
50,50.1602,-0.105469
50,50.1602,-0.109375
50,50.1602,-0.109375
50,50.1602,-0.113281
50,50.1602,-0.113281
50,50.1602,-0.113281
50,50.1602,-0.113281
50,50.1484,-0.105469
50,50.1484,-0.113281
50,50.1484,-0.113281
50,50.1484,-0.113281
50,50.1484,-0.113281
50,50.1484,-0.113281
50,50.1484,-0.117188
50,50.1484,-0.117188
50,50.1484,-0.117188
50,50.1367,-0.109375
50,50.1367,-0.117188
50,50.1367,-0.117188
50,50.1367,-0.117188
50,50.1367,-0.117188
50,50.1367,-0.117188
50,50.125,-0.109375
50,50.125,-0.117188
50,50.125,-0.117188
50,50.125,-0.117188
50,50.125,-0.117188
50,50.125,-0.121094
50,50.125,-0.121094
50,50.1094,-0.113281
50,50.1094,-0.121094
50,50.1094,-0.121094
50,50.1094,-0.121094
50,50.1094,-0.121094
50,50.0977,-0.113281
50,50.0977,-0.121094
50,50.0977,-0.121094
50,50.0977,-0.121094
50,50.0977,-0.121094
50,50.0859,-0.113281
50,50.0859,-0.121094
50,50.0859,-0.121094
50,50.0859,-0.121094
50,50.0859,-0.121094
50,50.0859,-0.121094
50,50.0859,-0.121094
50,50.0859,-0.125
50,50.0859,-0.125
50,50.0859,-0.125
50,50.0859,-0.125
50,50.0859,-0.125
50,50.0859,-0.125
50,50.0859,-0.125
50,50.0859,-0.125
50,50.0859,-0.125
50,50.0859,-0.128906
50,50.0859,-0.128906
50,50.0859,-0.128906
50,50.0742,-0.121094
50,50.0742,-0.128906
50,50.0742,-0.128906
50,50.0742,-0.128906
50,50.0742,-0.128906
50,50.0742,-0.128906
50,50.0742,-0.128906
50,50.0742,-0.128906
50,50.0742,-0.128906
50,50.0742,-0.128906
50,50.0742,-0.132813
50,50.0625,-0.125
50,50.0625,-0.128906
50,50.0625,-0.132813
50,50.0625,-0.132813
50,50.0625,-0.132813
50,50.0469,-0.125
50,50.0469,-0.132813
50,50.0469,-0.132813
50,50.0469,-0.132813
50,50.0469,-0.132813
50,50.0469,-0.132813
50,50.0352,-0.125
50,50.0352,-0.132813
50,50.0352,-0.132813
50,50.0352,-0.132813
50,50.0352,-0.132813
50,50.0234,-0.125
50,50.0234,-0.132813
50,50.0234,-0.132813
50,50.0234,-0.132813
50,50.0234,-0.132813
50,50.0234,-0.132813
50,50.0234,-0.132813
50,50.0234,-0.132813
50,50.0234,-0.132813
50,50.0234,-0.132813
50,50.0234,-0.132813
50,50.0234,-0.136719
50,50.0234,-0.136719
50,50.0234,-0.136719
50,50.0234,-0.136719
50,50.0234,-0.136719
50,50.0234,-0.136719
50,50.0117,-0.128906
50,50.0117,-0.136719
50,50.0117,-0.136719
50,50.0117,-0.136719
50,50.0117,-0.136719
50,50.0117,-0.136719
50,50,-0.128906
50,50,-0.136719
50,50,-0.136719
50,50,-0.136719
50,50,-0.136719
50,50,-0.136719
50,50,-0.136719
50,50,-0.136719
50,50,-0.136719
50,50,-0.136719
50,49.9844,-0.128906
50,49.9844,-0.136719
50,49.9844,-0.136719
50,49.9844,-0.136719
50,49.9844,-0.136719
50,49.9844,-0.136719
50,49.9844,-0.136719
50,49.9844,-0.136719
50,49.9844,-0.136719
50,49.9844,-0.136719
50,49.9844,-0.136719
50,49.9844,-0.136719
50,49.9844,-0.136719
50,49.9844,-0.136719
50,49.9844,-0.136719
50,49.9727,-0.128906
50,49.9727,-0.136719
50,49.9727,-0.136719
50,49.9727,-0.136719
50,49.9727,-0.136719
50,49.9727,-0.136719
50,49.9727,-0.136719
50,49.9727,-0.136719
50,49.9727,-0.136719
50,49.9727,-0.136719
50,49.9727,-0.136719
50,49.9727,-0.136719
50,49.9727,-0.140625
50,49.9727,-0.140625
50,49.9727,-0.140625
50,49.9727,-0.140625
50,49.9727,-0.140625
50,49.9727,-0.140625
50,49.9727,-0.140625
50,49.9727,-0.140625
50,49.9727,-0.140625
50,49.9727,-0.140625
50,49.9727,-0.140625
50,49.9727,-0.140625
50,49.9609,-0.132813
50,49.9609,-0.136719
50,49.9609,-0.140625
50,49.9609,-0.140625
50,49.9609,-0.140625
50,49.9609,-0.140625
50,49.9609,-0.140625
50,49.9492,-0.132813
50,49.9492,-0.136719
50,49.9492,-0.136719
50,49.9492,-0.136719
50,49.9492,-0.136719
50,49.9492,-0.136719
50,49.9492,-0.136719
50,49.9492,-0.136719
50,49.9492,-0.136719
50,49.9492,-0.136719
50,49.9492,-0.136719
50,49.9492,-0.136719
50,49.9492,-0.136719
50,49.9492,-0.136719
50,49.9492,-0.136719
50,49.9492,-0.136719
50,49.9492,-0.136719
50,49.9492,-0.136719
50,49.9492,-0.136719
50,49.9492,-0.136719
50,49.9492,-0.136719
50,49.9375,-0.128906
50,49.9375,-0.136719
50,49.9375,-0.136719
50,49.9375,-0.136719
50,49.9375,-0.136719
50,49.9375,-0.136719
50,49.9375,-0.136719
50,49.9375,-0.136719
50,49.9375,-0.136719
50,49.9375,-0.136719
50,49.9375,-0.136719
50,49.9375,-0.136719
50,49.9375,-0.136719
50,49.9375,-0.136719
50,49.9375,-0.136719
50,49.9375,-0.132813
50,49.9375,-0.132813
50,49.9375,-0.132813
50,49.9375,-0.132813
50,49.9375,-0.132813
50,49.9375,-0.132813
50,49.9375,-0.132813
50,49.9375,-0.132813
50,49.9375,-0.132813
50,49.9375,-0.132813
50,49.9375,-0.132813
50,49.9375,-0.132813
50,49.9375,-0.132813
50,49.9375,-0.132813
50,49.9375,-0.132813
50,49.9375,-0.132813
50,49.9375,-0.132813
50,49.9375,-0.132813
50,49.9375,-0.132813
50,49.9375,-0.132813
50,49.9375,-0.132813
50,49.9375,-0.132813
50,49.9375,-0.132813
50,49.9375,-0.132813
50,49.9375,-0.132813
50,49.9375,-0.132813
50,49.9375,-0.132813
50,49.9375,-0.132813
50,49.9375,-0.132813
50,49.9375,-0.132813
50,49.9375,-0.128906
50,49.9375,-0.128906
50,49.9375,-0.128906
50,49.9375,-0.128906
50,49.9375,-0.128906
50,49.9375,-0.128906
50,49.9375,-0.128906
50,49.9375,-0.128906
50,49.9375,-0.128906
50,49.9375,-0.128906
50,49.9375,-0.128906
50,49.9375,-0.128906
50,49.9375,-0.128906
50,49.9375,-0.128906
50,49.9375,-0.128906
50,49.9375,-0.128906
50,49.9375,-0.128906
50,49.9375,-0.128906
50,49.9375,-0.128906
50,49.9375,-0.128906
50,49.9375,-0.128906
50,49.9375,-0.128906
50,49.9375,-0.125
50,49.9375,-0.125
50,49.9375,-0.125
50,49.9375,-0.125
50,49.9375,-0.125
50,49.9375,-0.125
50,49.9375,-0.125
50,49.9375,-0.125
50,49.9375,-0.125
50,49.9375,-0.125
50,49.9375,-0.125
50,49.9375,-0.125
50,49.9375,-0.125
50,49.9375,-0.125
50,49.9375,-0.125
50,49.9375,-0.125
50,49.9375,-0.125
50,49.9375,-0.125
50,49.9375,-0.121094
50,49.9375,-0.121094
50,49.9375,-0.121094
50,49.9375,-0.121094
50,49.9375,-0.121094
50,49.9375,-0.121094
50,49.9375,-0.121094
50,49.9375,-0.121094
50,49.9375,-0.121094
50,49.9375,-0.121094
50,49.9375,-0.121094
50,49.9375,-0.121094
50,49.9375,-0.121094
50,49.9375,-0.121094
50,49.9375,-0.121094
50,49.9375,-0.117188
50,49.9375,-0.117188
50,49.9375,-0.117188
50,49.9375,-0.117188
50,49.9375,-0.117188
50,49.9375,-0.117188
50,49.9375,-0.117188
50,49.9375,-0.117188
50,49.9375,-0.117188
50,49.9375,-0.117188
50,49.9375,-0.117188
50,49.9375,-0.117188
50,49.9375,-0.117188
50,49.9375,-0.117188
50,49.9375,-0.113281
50,49.9375,-0.113281
50,49.9375,-0.113281
50,49.9375,-0.113281
50,49.9375,-0.113281
50,49.9375,-0.113281
50,49.9375,-0.113281
50,49.9375,-0.113281
50,49.9375,-0.113281
50,49.9375,-0.113281
50,49.9375,-0.113281
50,49.9375,-0.113281
50,49.9375,-0.109375
50,49.9375,-0.109375
50,49.9375,-0.109375
50,49.9375,-0.109375
50,49.9375,-0.109375
50,49.9375,-0.109375
50,49.9375,-0.109375
50,49.9375,-0.109375
50,49.9375,-0.109375
50,49.9375,-0.109375
50,49.9375,-0.109375
50,49.9375,-0.109375
50,49.9375,-0.105469
50,49.9375,-0.105469
50,49.9375,-0.105469
50,49.9375,-0.105469
50,49.9375,-0.105469
50,49.9375,-0.105469
50,49.9375,-0.105469
50,49.9375,-0.105469
50,49.9375,-0.105469
50,49.9375,-0.105469
50,49.9375,-0.105469
50,49.9375,-0.101563
50,49.9375,-0.101563
50,49.9375,-0.101563
50,49.9375,-0.101563
50,49.9375,-0.101563
50,49.9375,-0.101563
50,49.9375,-0.101563
50,49.9375,-0.101563
50,49.9375,-0.101563
50,49.9375,-0.101563
50,49.9375,-0.0976563
50,49.9375,-0.0976563
50,49.9375,-0.0976563
50,49.9375,-0.0976563
50,49.9375,-0.0976563
50,49.9375,-0.0976563
50,49.9375,-0.0976563
50,49.9375,-0.0976563
50,49.9375,-0.0976563
50,49.9375,-0.0976563
50,49.9375,-0.09375
50,49.9375,-0.09375
50,49.9375,-0.09375
50,49.9375,-0.09375
50,49.9375,-0.09375
50,49.9375,-0.09375
50,49.9375,-0.09375
50,49.9375,-0.09375
50,49.9375,-0.09375
50,49.9375,-0.09375
50,49.9375,-0.0898438
50,49.9375,-0.0898438
50,49.9375,-0.0898438
50,49.9375,-0.0898438
50,49.9375,-0.0898438
50,49.9375,-0.0898438
50,49.9375,-0.0898438
50,49.9375,-0.0898438
50,49.9375,-0.0859375
50,49.9375,-0.0859375
50,49.9375,-0.0859375
50,49.9375,-0.0859375
50,49.9375,-0.0859375
50,49.9375,-0.0859375
50,49.9375,-0.0859375
50,49.9375,-0.0859375
50,49.9375,-0.0859375
50,49.9375,-0.0820313
50,49.9375,-0.0820313
50,49.9375,-0.0820313
50,49.9375,-0.0820313
50,49.9375,-0.0820313
50,49.9375,-0.0820313
50,49.9375,-0.0820313
50,49.9375,-0.0820313
50,49.9375,-0.078125
50,49.9375,-0.078125
50,49.9375,-0.078125
50,49.9375,-0.078125
50,49.9375,-0.078125
50,49.9375,-0.078125
50,49.9375,-0.078125
50,49.9375,-0.078125
50,49.9375,-0.0742188
50,49.9375,-0.0742188
50,49.9375,-0.0742188
50,49.9375,-0.0742188
50,49.9375,-0.0742188
50,49.9375,-0.0742188
50,49.9375,-0.0742188
50,49.9375,-0.0742188
50,49.9375,-0.0703125
50,49.9375,-0.0703125
50,49.9375,-0.0703125
50,49.9375,-0.0703125
0,49.9375,-0.0703125
0,49.9375,-0.242188
0,49.8984,-0.390625
0,49.6875,-0.453125
0,49.1367,-0.390625
0,48.25,-0.292969
0,47.25,-0.300781
0,46.2344,-0.351563
0,45.1719,-0.378906
0,44.0234,-0.375
0,42.8125,-0.375
0,41.5,-0.339844
0,40.1367,-0.320313
0,38.7852,-0.335938
0,37.4727,-0.359375
0,36.1367,-0.351563
0,34.7734,-0.332031
0,33.3867,-0.308594
0,32,-0.292969
0,30.6602,-0.304688
0,29.3594,-0.3125
0,28.0977,-0.320313
0,26.8242,-0.296875
0,25.5859,-0.300781
0,24.3477,-0.28125
0,23.125,-0.269531
0,21.9219,-0.257813
0,20.7734,-0.265625
0,19.6875,-0.28125
0,18.6094,-0.269531
0,17.5625,-0.265625
0,16.5234,-0.25
0,15.4844,-0.230469
0,14.4727,-0.21875
0,13.5117,-0.222656
0,12.5742,-0.214844
0,11.7109,-0.238281
0,10.8867,-0.246094
0,10.0625,-0.230469
0,9.22266,-0.203125
0,8.4375,-0.210938
0,7.6875,-0.21875
0,6.94922,-0.207031
0,6.1875,-0.171875
0,5.47266,-0.179688
0,4.79688,-0.183594
0,4.10938,-0.160156
0,3.47266,-0.167969
0,2.89844,-0.1875
0,2.375,-0.207031
0,1.85938,-0.207031
0,1.34766,-0.195313
0,0.8125,-0.167969
0,0.273438,-0.152344
0,-0.222656,-0.160156
0,-0.699219,-0.160156
0,-1.125,-0.175781
0,-1.57422,-0.148438
0,-2.07422,-0.105469
0,-2.51172,-0.121094
0,-2.91016,-0.128906
0,-3.28516,-0.128906
0,-3.625,-0.140625
0,-3.96094,-0.132813
0,-4.25,-0.152344
0,-4.53516,-0.144531
0,-4.84766,-0.121094
0,-5.17188,-0.101563
0,-5.4375,-0.128906
0,-5.63672,-0.15625
0,-5.82422,-0.164063
0,-6.02344,-0.152344
0,-6.22266,-0.148438
0,-6.4375,-0.136719
0,-6.63672,-0.136719
0,-6.8125,-0.148438
0,-6.96094,-0.15625
0,-7.125,-0.148438
0,-7.32422,-0.117188
0,-7.58594,-0.0703125
0,-7.84766,-0.0507813
0,-8.0625,-0.0625
0,-8.19922,-0.09375
0,-8.27344,-0.128906
0,-8.34766,-0.125
0,-8.41016,-0.132813
0,-8.5,-0.117188
0,-8.59766,-0.105469
0,-8.69922,-0.101563
0,-8.78516,-0.101563
0,-8.85938,-0.105469
0,-8.92188,-0.105469
0,-8.97266,-0.109375
0,-9.02344,-0.109375
0,-9.07422,-0.105469
0,-9.09766,-0.117188
0,-9.13672,-0.109375
0,-9.16016,-0.113281
0,-9.17188,-0.117188
0,-9.19922,-0.109375
0,-9.22266,-0.105469
0,-9.25,-0.101563
0,-9.26172,-0.105469
0,-9.26172,-0.113281
0,-9.27344,-0.101563
0,-9.27344,-0.109375
0,-9.27344,-0.105469
0,-9.27344,-0.101563
0,-9.27344,-0.101563
0,-9.27344,-0.0976563
0,-9.27344,-0.09375
0,-9.27344,-0.0898438
0,-9.27344,-0.0859375
0,-9.27344,-0.0820313
0,-9.27344,-0.078125
0,-9.27344,-0.0703125
0,-9.27344,-0.0664063
0,-9.27344,-0.0625
0,-9.27344,-0.0546875
0,-9.27344,-0.0507813
0,-9.27344,-0.0429688
0,-9.27344,-0.0351563
0,-9.27344,-0.03125
0,-9.27344,-0.0234375
0,-9.27344,-0.015625
0,-9.27344,-0.0078125
0,-9.27344,0
0,-9.27344,0.00390625
0,-9.27344,0.015625
0,-9.27344,0.0234375
0,-9.27344,0.03125
0,-9.27344,0.0429688
0,-9.27344,0.0507813
0,-9.27344,0.0625
0,-9.27344,0.0742188
0,-9.27344,0.0859375
0,-9.26172,0.0859375
0,-9.23438,0.0898438
0,-9.19922,0.0898438
0,-9.13672,0.0820313
0,-9.0625,0.078125
0,-9,0.0898438
0,-8.94922,0.105469
0,-8.88672,0.101563
0,-8.82422,0.109375
0,-8.75,0.105469
0,-8.67188,0.109375
0,-8.60938,0.121094
0,-8.53516,0.117188
0,-8.46094,0.121094
0,-8.375,0.117188
0,-8.28516,0.121094
0,-8.1875,0.117188
0,-8.04688,0.09375
0,-7.91016,0.0898438
0,-7.78516,0.09375
0,-7.69922,0.117188
0,-7.64844,0.140625
0,-7.60938,0.15625
0,-7.58594,0.171875
0,-7.54688,0.171875
0,-7.5,0.171875
0,-7.4375,0.171875
0,-7.38672,0.183594
0,-7.32422,0.183594
0,-7.26172,0.1875
0,-7.17188,0.179688
0,-7.07422,0.171875
0,-6.91016,0.132813
0,-6.69922,0.0976563
0,-6.46094,0.0703125
0,-6.25,0.0703125
0,-6.0625,0.0703125
0,-5.91016,0.0820313
0,-5.78516,0.09375
0,-5.69922,0.109375
0,-5.60938,0.109375
0,-5.53516,0.117188
0,-5.46094,0.117188
0,-5.35938,0.101563
0,-5.25,0.09375
0,-5.14844,0.0976563
0,-5.04688,0.09375
0,-4.97266,0.105469
0,-4.91016,0.113281
0,-4.875,0.128906
0,-4.84766,0.140625
0,-4.82422,0.144531
0,-4.79688,0.152344
0,-4.77344,0.15625
0,-4.75,0.164063
0,-4.71094,0.160156
0,-4.67188,0.164063
0,-4.625,0.160156
0,-4.57422,0.164063
0,-4.52344,0.164063
0,-4.48438,0.175781
0,-4.4375,0.171875
0,-4.35938,0.160156
0,-4.26172,0.144531
0,-4.125,0.117188
0,-3.96094,0.09375
0,-3.78516,0.0742188
0,-3.64844,0.0859375
0,-3.54688,0.0976563
0,-3.47266,0.109375
0,-3.42188,0.125
0,-3.35938,0.117188
0,-3.29688,0.113281
0,-3.22266,0.105469
0,-3.16016,0.109375
0,-3.09766,0.109375
0,-3.03516,0.105469
0,-2.97266,0.105469
0,-2.92188,0.113281
0,-2.88672,0.117188
0,-2.84766,0.121094
0,-2.79688,0.113281
0,-2.75,0.113281
0,-2.69922,0.109375
0,-2.67188,0.125
0,-2.63672,0.121094
0,-2.59766,0.121094
0,-2.57422,0.128906
0,-2.54688,0.128906
0,-2.52344,0.132813
0,-2.48438,0.125
0,-2.44922,0.125
0,-2.39844,0.117188
0,-2.34766,0.117188
0,-2.29688,0.117188
0,-2.25,0.113281
0,-2.19922,0.113281
0,-2.13672,0.101563
0,-2.07422,0.101563
0,-2,0.0898438
0,-1.92188,0.0820313
0,-1.875,0.09375
0,-1.84766,0.109375
0,-1.82422,0.109375
0,-1.82422,0.125
0,-1.8125,0.121094
0,-1.79688,0.121094
0,-1.79688,0.128906
0,-1.78516,0.125
0,-1.77344,0.128906
0,-1.76172,0.128906
0,-1.75,0.132813
0,-1.73438,0.132813
0,-1.72266,0.136719
0,-1.69922,0.128906
0,-1.6875,0.136719
0,-1.6875,0.148438
0,-1.67188,0.144531
0,-1.66016,0.144531
0,-1.64844,0.148438
0,-1.63672,0.148438
0,-1.625,0.152344
0,-1.59766,0.144531
0,-1.58594,0.152344
0,-1.57422,0.15625
0,-1.57422,0.164063
0,-1.54688,0.152344
0,-1.54688,0.167969
0,-1.53516,0.164063
0,-1.52344,0.167969
0,-1.51172,0.167969
0,-1.5,0.171875
0,-1.48438,0.171875
0,-1.47266,0.175781
0,-1.47266,0.1875
0,-1.44922,0.171875
0,-1.4375,0.183594
0,-1.42188,0.183594
0,-1.39844,0.179688
0,-1.38672,0.1875
0,-1.35938,0.179688
0,-1.33594,0.183594
0,-1.3125,0.183594
0,-1.29688,0.191406
0,-1.26172,0.175781
0,-1.22266,0.175781
0,-1.1875,0.175781
0,-1.125,0.160156
0,-1.07422,0.164063
0,-0.984375,0.136719
0,-0.875,0.113281
0,-0.722656,0.078125
0,-0.574219,0.0625
0,-0.449219,0.0625
0,-0.347656,0.0664063
0,-0.296875,0.0859375
0,-0.261719,0.0898438
0,-0.222656,0.0859375
0,-0.210938,0.0976563
0,-0.199219,0.0976563
0,-0.199219,0.101563
0,-0.199219,0.101563
0,-0.199219,0.101563
0,-0.1875,0.09375
0,-0.1875,0.101563
0,-0.1875,0.101563
0,-0.1875,0.101563
0,-0.1875,0.101563
0,-0.171875,0.09375
0,-0.171875,0.0976563
0,-0.171875,0.0976563
0,-0.171875,0.0976563
0,-0.171875,0.0976563
0,-0.171875,0.0976563
0,-0.171875,0.0976563
0,-0.171875,0.0976563
0,-0.171875,0.0976563
0,-0.171875,0.0976563
0,-0.171875,0.0976563
0,-0.171875,0.0976563
0,-0.171875,0.0976563
0,-0.171875,0.0976563
0,-0.171875,0.0976563
0,-0.171875,0.0976563
0,-0.171875,0.0976563
0,-0.171875,0.0976563
0,-0.171875,0.0976563
0,-0.171875,0.0976563
0,-0.171875,0.0976563
0,-0.171875,0.0976563
0,-0.171875,0.0976563
0,-0.171875,0.0976563
0,-0.171875,0.0976563
0,-0.171875,0.0976563
0,-0.171875,0.0976563
0,-0.171875,0.0976563
0,-0.171875,0.0976563
0,-0.171875,0.0976563
0,-0.171875,0.0976563
0,-0.171875,0.0976563
0,-0.171875,0.0976563
0,-0.171875,0.0976563
0,-0.171875,0.0976563
0,-0.171875,0.0976563
0,-0.171875,0.0976563
0,-0.171875,0.0976563
0,-0.171875,0.0976563
0,-0.171875,0.101563
0,-0.171875,0.101563
0,-0.171875,0.101563
0,-0.171875,0.101563
0,-0.171875,0.101563
0,-0.160156,0.09375
0,-0.160156,0.0976563
0,-0.160156,0.0976563
0,-0.160156,0.0976563
0,-0.160156,0.0976563
0,-0.160156,0.0976563
0,-0.160156,0.101563
0,-0.160156,0.101563
0,-0.160156,0.101563
0,-0.160156,0.101563
0,-0.160156,0.101563
0,-0.160156,0.101563
0,-0.160156,0.101563
0,-0.160156,0.101563
0,-0.160156,0.101563
0,-0.160156,0.101563
0,-0.160156,0.101563
0,-0.160156,0.101563
0,-0.160156,0.101563
0,-0.160156,0.101563
0,-0.160156,0.101563
0,-0.160156,0.101563
0,-0.160156,0.101563
0,-0.160156,0.101563
0,-0.160156,0.101563
0,-0.160156,0.101563
0,-0.160156,0.101563
0,-0.160156,0.105469
0,-0.160156,0.105469
0,-0.160156,0.105469
0,-0.160156,0.105469
0,-0.160156,0.105469
0,-0.160156,0.105469
0,-0.160156,0.105469
0,-0.160156,0.105469
0,-0.160156,0.105469
0,-0.160156,0.105469
0,-0.160156,0.105469
0,-0.160156,0.105469
0,-0.160156,0.105469
0,-0.160156,0.105469
0,-0.160156,0.109375
0,-0.160156,0.109375
0,-0.160156,0.109375
0,-0.160156,0.109375
0,-0.160156,0.109375
0,-0.148438,0.101563
0,-0.148438,0.109375
0,-0.148438,0.109375
0,-0.148438,0.109375
0,-0.148438,0.109375
0,-0.148438,0.109375
0,-0.148438,0.109375
0,-0.136719,0.101563
0,-0.136719,0.109375
0,-0.136719,0.109375
0,-0.136719,0.109375
0,-0.125,0.101563
0,-0.125,0.109375
0,-0.125,0.109375
0,-0.125,0.109375
0,-0.125,0.109375
0,-0.109375,0.101563
0,-0.109375,0.109375
0,-0.109375,0.109375
0,-0.109375,0.109375
0,-0.109375,0.109375
0,-0.0976563,0.101563
0,-0.0976563,0.109375
0,-0.0976563,0.109375
0,-0.0976563,0.109375
0,-0.0976563,0.109375
0,-0.0976563,0.109375
0,-0.0976563,0.109375
0,-0.0976563,0.109375
0,-0.0859375,0.101563
0,-0.0859375,0.109375
0,-0.0859375,0.109375
0,-0.0859375,0.109375
0,-0.0859375,0.109375
0,-0.0859375,0.109375
0,-0.0742188,0.101563
0,-0.0742188,0.109375
0,-0.0742188,0.109375
0,-0.0742188,0.109375
0,-0.0742188,0.109375
0,-0.0742188,0.109375
0,-0.0742188,0.109375
0,-0.0625,0.101563
0,-0.0625,0.109375
0,-0.0625,0.109375
0,-0.0625,0.109375
0,-0.0625,0.109375
0,-0.0625,0.109375
0,-0.046875,0.101563
0,-0.046875,0.109375
0,-0.046875,0.109375
0,-0.046875,0.109375
0,-0.046875,0.109375
0,-0.046875,0.109375
0,-0.046875,0.109375
0,-0.046875,0.109375
0,-0.046875,0.109375
0,-0.046875,0.109375
0,-0.046875,0.109375
0,-0.046875,0.109375
0,-0.046875,0.109375
0,-0.046875,0.109375
0,-0.046875,0.109375
0,-0.046875,0.109375
0,-0.0351563,0.101563
0,-0.0351563,0.109375
0,-0.0351563,0.109375
0,-0.0351563,0.109375
0,-0.0351563,0.109375
0,-0.0351563,0.109375
0,-0.0351563,0.109375
0,-0.0351563,0.109375
0,-0.0351563,0.109375
0,-0.0351563,0.109375
0,-0.0351563,0.109375
0,-0.0234375,0.101563
0,-0.0234375,0.109375
0,-0.0234375,0.109375
0,-0.0234375,0.109375
0,-0.0234375,0.109375
0,-0.0234375,0.109375
0,-0.0234375,0.109375
0,-0.0234375,0.109375
0,-0.0234375,0.109375
0,-0.0234375,0.109375
0,-0.0234375,0.109375
0,-0.0234375,0.109375
0,-0.0234375,0.109375
0,-0.0234375,0.109375
0,-0.0117188,0.101563
0,-0.0117188,0.109375
0,-0.0117188,0.109375
0,-0.0117188,0.109375
0,-0.0117188,0.109375
0,-0.0117188,0.109375
0,-0.0117188,0.109375
0,-0.0117188,0.109375
0,-0.0117188,0.109375
0,-0.0117188,0.109375
0,-0.0117188,0.109375
0,0,0.101563
0,0,0.105469
0,0,0.105469
0,0,0.105469
0,0,0.105469
0,0,0.105469
0,0,0.105469
0,0,0.105469
0,0,0.105469
0,0,0.105469
0,0,0.105469
0,0,0.105469
0,0,0.105469
0,0,0.105469
0,0,0.105469
0,0,0.105469
0,0,0.105469
0,0,0.105469
0,0,0.105469
0,0,0.105469
0,0,0.105469
0,0,0.105469
0,0,0.105469
0,0,0.105469
0,0,0.105469
0,0,0.105469
0,0,0.105469
0,0,0.105469
0,0,0.105469
0,0,0.105469
0,0,0.105469
0,0,0.105469
0,0,0.105469
0,0,0.105469
0,0,0.105469
0,0,0.105469
0,0,0.105469
0,0,0.105469
0,0,0.105469
0,0,0.105469
0,0,0.105469
0,0,0.105469
0,0,0.105469
0,0,0.105469
0,0,0.105469
0,0,0.105469
0,0,0.105469
0,0,0.105469
0,0,0.105469
0,0,0.105469
0,0,0.105469
0,0,0.105469
0,0,0.105469
0,0,0.105469
0,0,0.105469
0,0,0.105469
0,0,0.105469
0,0,0.105469
0,0,0.105469
0,0,0.105469
0,0,0.105469
0,0,0.105469
0,0,0.105469
0,0,0.105469
0,0,0.105469
0,0,0.105469
0,0,0.105469
0,0,0.105469
0,0,0.105469
0,0,0.105469
0,0,0.105469
0,0,0.105469
0,0,0.105469
0,0,0.105469
0,0,0.105469
0,0,0.105469
0,0,0.105469
0,0.0117188,0.0976563
0,0.0117188,0.105469
0,0.0117188,0.105469
0,0.0117188,0.105469
0,0.0117188,0.105469
0,0.0117188,0.105469
0,0.0117188,0.105469
0,0.0117188,0.105469
0,0.0117188,0.105469
0,0.0117188,0.105469
0,0.0117188,0.105469
0,0.0117188,0.105469
0,0.0117188,0.105469
0,0.0117188,0.105469
0,0.0117188,0.105469
0,0.0117188,0.105469
0,0.0117188,0.105469
0,0.0117188,0.105469
0,0.0117188,0.105469
0,0.0117188,0.105469
0,0.0117188,0.105469
0,0.0117188,0.105469
0,0.0117188,0.105469
0,0.0117188,0.105469
0,0.0117188,0.105469
0,0.0117188,0.105469
0,0.0117188,0.105469
0,0.0117188,0.105469
0,0.0117188,0.105469
0,0.0117188,0.105469
0,0.0117188,0.105469
0,0.0117188,0.105469
0,0.0117188,0.105469
0,0.0117188,0.105469
0,0.0117188,0.105469
0,0.0117188,0.105469
0,0.0117188,0.105469
0,0.0117188,0.105469
0,0.0117188,0.105469
0,0.0117188,0.105469
0,0.0117188,0.105469
0,0.0117188,0.105469
0,0.0117188,0.105469
0,0.0117188,0.105469
0,0.0117188,0.105469
0,0.0117188,0.101563
0,0.0117188,0.101563
0,0.0117188,0.101563
0,0.0117188,0.101563
0,0.0117188,0.101563
0,0.0117188,0.101563
0,0.0117188,0.101563
0,0.0117188,0.101563
0,0.0117188,0.101563
0,0.0117188,0.101563
0,0.0117188,0.101563
0,0.0117188,0.101563
0,0.0117188,0.101563
0,0.0117188,0.101563
0,0.0117188,0.101563
0,0.0117188,0.101563
0,0.0117188,0.101563
0,0.0117188,0.101563
0,0.0117188,0.101563
0,0.0117188,0.101563
0,0.0117188,0.101563
0,0.0117188,0.101563
0,0.0117188,0.101563
0,0.0117188,0.101563
0,0.0117188,0.101563
0,0.0117188,0.101563
0,0.0117188,0.101563
0,0.0117188,0.101563
0,0.0117188,0.101563
0,0.0117188,0.101563
0,0.0117188,0.101563
0,0.0117188,0.101563
0,0.0117188,0.101563
0,0.0117188,0.101563
0,0.0117188,0.101563
0,0.0117188,0.101563
0,0.0117188,0.101563
0,0.0117188,0.101563
0,0.0117188,0.101563
0,0.0117188,0.101563
0,0.0117188,0.101563
0,0.0117188,0.101563
0,0.0117188,0.101563
0,0.0117188,0.101563
0,0.0117188,0.101563
0,0.0117188,0.101563
0,0.0117188,0.101563
0,0.0117188,0.101563
0,0.0117188,0.101563
0,0.0117188,0.101563
0,0.0117188,0.101563
0,0.0117188,0.101563
0,0.0117188,0.101563
0,0.0117188,0.101563
0,0.0117188,0.0976563
0,0.0117188,0.0976563
0,0.0117188,0.0976563
0,0.0117188,0.0976563
0,0.0117188,0.0976563
0,0.0117188,0.0976563
0,0.0117188,0.0976563
0,0.0117188,0.0976563
0,0.0117188,0.0976563
0,0.0117188,0.0976563
0,0.0117188,0.0976563
0,0.0117188,0.0976563
0,0.0117188,0.0976563
0,0.0117188,0.0976563
0,0.0117188,0.0976563
0,0.0117188,0.0976563
0,0.0117188,0.0976563
0,0.0117188,0.0976563
0,0.0117188,0.0976563
0,0.0117188,0.0976563
0,0.0117188,0.0976563
0,0.0117188,0.0976563
0,0.0117188,0.0976563
0,0.0117188,0.0976563
0,0.0117188,0.0976563
0,0.0117188,0.0976563
0,0.0117188,0.0976563
0,0.0117188,0.0976563
0,0.0117188,0.0976563
0,0.0117188,0.0976563
0,0.0117188,0.0976563
0,0.0117188,0.0976563
0,0.0117188,0.0976563
0,0.0117188,0.0976563
0,0.0117188,0.0976563
0,0.0117188,0.0976563
0,0.0117188,0.0976563
0,0.0117188,0.0976563
0,0.0117188,0.0976563
0,0.0117188,0.0976563
0,0.0117188,0.0976563
0,0.0117188,0.0976563
0,0.0117188,0.0976563
0,0.0117188,0.09375
0,0.0117188,0.09375
0,0.0117188,0.09375
0,0.0117188,0.09375
0,0.0117188,0.09375
0,0.0117188,0.09375
0,0.0117188,0.09375
0,0.0117188,0.09375
0,0.0117188,0.09375
0,0.0117188,0.09375
0,0.0117188,0.09375
0,0.0117188,0.09375
0,0.0117188,0.09375
0,0.0117188,0.09375
0,0.0117188,0.09375
0,0.0117188,0.09375
0,0.0117188,0.09375
0,0.0117188,0.09375
0,0.0117188,0.09375
0,0.0117188,0.09375
0,0.0117188,0.09375
0,0.0117188,0.09375
0,0.0117188,0.09375
0,0.0117188,0.09375
0,0.0117188,0.09375
0,0.0117188,0.09375
0,0.0117188,0.09375
0,0.0117188,0.09375
0,0.0117188,0.09375
0,0.0117188,0.09375
0,0.0117188,0.09375
0,0.0117188,0.09375
0,0.0117188,0.09375
0,0.0117188,0.09375
0,0.0117188,0.09375
0,0.0117188,0.09375
0,0.0117188,0.09375
0,0.0117188,0.0898438
0,0.0117188,0.0898438
0,0.0117188,0.0898438
0,0.0117188,0.0898438
0,0.0117188,0.0898438
0,0.0117188,0.0898438
0,0.0117188,0.0898438
0,0.0117188,0.0898438
0,0.0117188,0.0898438
0,0.0117188,0.0898438
0,0.0117188,0.0898438
0,0.0117188,0.0898438
0,0.0117188,0.0898438
0,0.0117188,0.0898438
0,0.0117188,0.0898438
0,0.0117188,0.0898438
0,0.0117188,0.0898438
0,0.0117188,0.0898438
0,0.0117188,0.0898438
0,0.0117188,0.0898438
0,0.0117188,0.0898438
0,0.0117188,0.0898438
0,0.0117188,0.0898438
0,0.0117188,0.0898438
0,0.0117188,0.0898438
0,0.0117188,0.0898438
0,0.0117188,0.0898438
0,0.0117188,0.0898438
0,0.0117188,0.0898438
0,0.0117188,0.0898438
0,0.0117188,0.0898438
0,0.0117188,0.0898438
0,0.0117188,0.0859375
0,0.0117188,0.0859375
0,0.0117188,0.0859375
0,0.0117188,0.0859375
0,0.0117188,0.0859375
0,0.0117188,0.0859375
0,0.0117188,0.0859375
0,0.0117188,0.0859375
0,0.0117188,0.0859375
0,0.0117188,0.0859375
0,0.0117188,0.0859375
0,0.0117188,0.0859375
0,0.0117188,0.0859375
0,0.0117188,0.0859375
0,0.0117188,0.0859375
0,0.0117188,0.0859375
0,0.0117188,0.0859375
0,0.0117188,0.0859375
50,0.0117188,0.0859375
50,0.0117188,0.257813
50,0.0625,0.398438
50,0.375,0.402344
50,1.03516,0.324219
50,1.89844,0.300781
50,2.85938,0.316406
50,3.88672,0.34375
50,4.97266,0.359375
50,6.125,0.367188
50,7.32422,0.375
50,8.59766,0.355469
50,9.9375,0.335938
50,11.2969,0.328125
50,12.6602,0.328125
50,14.0352,0.320313
50,15.3984,0.320313
50,16.7227,0.335938
50,18.0625,0.320313
50,19.3867,0.3125
50,20.7227,0.292969
50,22.0469,0.277344
50,23.3359,0.28125
50,24.5742,0.289063
50,25.7734,0.292969
50,26.9492,0.289063
50,28.125,0.273438
50,29.2734,0.265625
50,30.4102,0.25
50,31.5117,0.246094
50,32.5859,0.238281
50,33.6094,0.246094
50,34.5977,0.25
50,35.5352,0.257813
50,36.4727,0.242188
50,37.3984,0.230469
50,38.3125,0.214844
50,39.2109,0.199219
50,40.0859,0.191406
50,40.9102,0.199219
50,41.6875,0.207031
50,42.4219,0.214844
50,43.125,0.222656
50,43.7852,0.230469
50,44.4727,0.203125
50,45.1719,0.175781
50,45.8477,0.171875
50,46.4844,0.175781
50,47.0742,0.1875
50,47.6484,0.183594
50,48.2344,0.160156
50,48.8125,0.148438
50,49.3477,0.152344
50,49.8242,0.175781
50,50.2969,0.164063
50,50.7734,0.152344
50,51.2109,0.160156
50,51.6367,0.15625
50,52.0234,0.167969
50,52.4219,0.152344
50,52.7734,0.171875
50,53.0742,0.195313
50,53.4219,0.160156
50,53.7969,0.132813
50,54.1719,0.121094
50,54.5117,0.128906
50,54.8125,0.136719
50,55.0977,0.136719
50,55.3594,0.140625
50,55.5742,0.164063
50,55.7734,0.167969
50,56.0352,0.128906
50,56.3477,0.0859375
50,56.6484,0.0742188
50,56.9219,0.0742188
50,57.1719,0.0742188
50,57.3984,0.0742188
50,57.5859,0.0859375
50,57.75,0.0898438
50,57.8984,0.09375
50,58.0625,0.078125
50,58.2227,0.0703125
50,58.3359,0.0898438
50,58.4102,0.109375
50,58.4375,0.140625
50,58.4375,0.160156
50,58.4375,0.164063
50,58.4492,0.164063
50,58.4727,0.160156
50,58.5,0.164063
50,58.5352,0.15625
50,58.5625,0.167969
50,58.5742,0.175781
50,58.5859,0.179688
50,58.5977,0.179688
50,58.625,0.175781
50,58.6602,0.167969
50,58.6875,0.171875
50,58.6992,0.179688
50,58.7227,0.175781
50,58.75,0.171875
50,58.7617,0.179688
50,58.7852,0.171875
50,58.8242,0.160156
50,58.875,0.148438
50,58.9219,0.144531
50,58.9727,0.136719
50,59.0352,0.121094
50,59.1367,0.0898438
50,59.25,0.0703125
50,59.3477,0.0625
50,59.4102,0.0703125
50,59.4492,0.0742188
50,59.4492,0.0898438
50,59.4492,0.0859375
50,59.4492,0.078125
50,59.4492,0.0742188
50,59.4492,0.0664063
50,59.4492,0.0625
50,59.4492,0.0546875
50,59.4492,0.046875
50,59.4492,0.0429688
50,59.4492,0.0351563
50,59.4492,0.0273438
50,59.4492,0.0195313
50,59.4492,0.0117188
50,59.4492,0
50,59.4492,-0.00390625
50,59.4492,-0.0117188
50,59.4492,-0.0234375
50,59.4492,-0.03125
50,59.4492,-0.0429688
50,59.4492,-0.0507813
50,59.4492,-0.0625
50,59.4492,-0.0742188
50,59.4375,-0.078125
50,59.4375,-0.09375
50,59.4219,-0.101563
50,59.3984,-0.101563
50,59.3594,-0.105469
50,59.3125,-0.105469
50,59.2617,-0.113281
50,59.2109,-0.117188
50,59.1719,-0.132813
50,59.125,-0.136719
50,59.0625,-0.136719
50,58.9727,-0.125
50,58.8477,-0.105469
50,58.6719,-0.0742188
50,58.4727,-0.0507813
50,58.2734,-0.0429688
50,58.125,-0.0625
50,58.0234,-0.0898438
50,58.0117,-0.144531
50,58,-0.15625
50,58,-0.175781
50,57.9727,-0.171875
50,57.9102,-0.15625
50,57.8359,-0.15625
50,57.7617,-0.160156
50,57.6719,-0.15625
50,57.5742,-0.148438
50,57.4375,-0.128906
50,57.2969,-0.125
50,57.1719,-0.128906
50,57.0469,-0.128906
50,56.9492,-0.140625
50,56.8477,-0.140625
50,56.75,-0.140625
50,56.6484,-0.140625
50,56.5469,-0.140625
50,56.4375,-0.132813
50,56.3242,-0.132813
50,56.2109,-0.128906
50,56.1094,-0.136719
50,56.0352,-0.152344
50,55.9727,-0.160156
50,55.8984,-0.15625
50,55.8242,-0.15625
50,55.75,-0.160156
50,55.6367,-0.136719
50,55.4844,-0.109375
50,55.2969,-0.078125
50,55.1094,-0.0664063
50,54.9492,-0.0703125
50,54.8242,-0.0859375
50,54.75,-0.109375
50,54.7109,-0.132813
50,54.6719,-0.136719
50,54.6367,-0.140625
50,54.5859,-0.136719
50,54.5117,-0.121094
50,54.4375,-0.121094
50,54.3594,-0.121094
50,54.2734,-0.113281
50,54.1992,-0.117188
50,54.1094,-0.109375
50,54.0117,-0.0976563
50,53.9375,-0.109375
50,53.8594,-0.109375
50,53.7969,-0.113281
50,53.75,-0.121094
50,53.6992,-0.121094
50,53.6367,-0.113281
50,53.5859,-0.121094
50,53.5352,-0.121094
50,53.4844,-0.125
50,53.4375,-0.125
50,53.3867,-0.125
50,53.3359,-0.125
50,53.2969,-0.132813
50,53.2617,-0.132813
50,53.2344,-0.144531
50,53.2109,-0.148438
50,53.1875,-0.148438
50,53.1484,-0.144531
50,53.1094,-0.148438
50,53.0625,-0.140625
50,53,-0.132813
50,52.8984,-0.109375
50,52.7617,-0.078125
50,52.5859,-0.0429688
50,52.3867,-0.015625
50,52.1992,-0.00390625
50,52.0625,-0.015625
50,52,-0.0507813
50,51.9844,-0.078125
50,51.9844,-0.0898438
50,51.9844,-0.0898438
50,51.9844,-0.09375
50,51.9844,-0.0976563
50,51.9844,-0.101563
50,51.9844,-0.101563
50,51.9844,-0.105469
50,51.9844,-0.109375
50,51.9844,-0.113281
50,51.9844,-0.117188
50,51.9844,-0.121094
50,51.9844,-0.121094
50,51.9727,-0.117188
50,51.9727,-0.128906
50,51.9609,-0.125
50,51.9492,-0.125
50,51.9219,-0.121094
50,51.9102,-0.128906
50,51.8867,-0.125
50,51.8594,-0.125
50,51.8359,-0.125
50,51.8125,-0.125
50,51.7734,-0.121094
50,51.7344,-0.117188
50,51.6875,-0.109375
50,51.625,-0.101563
50,51.5742,-0.105469
50,51.5,-0.0859375
50,51.4492,-0.0976563
50,51.3867,-0.0859375
50,51.3359,-0.0898438
50,51.2969,-0.09375
50,51.2617,-0.0898438
50,51.2344,-0.0976563
50,51.1992,-0.0898438
50,51.1719,-0.09375
50,51.1602,-0.101563
50,51.1367,-0.09375
50,51.1094,-0.09375
50,51.0977,-0.101563
50,51.0742,-0.09375
50,51.0469,-0.09375
50,51.0352,-0.0976563
50,51.0234,-0.0976563
50,51.0117,-0.101563
50,51,-0.101563
50,50.9727,-0.09375
50,50.9609,-0.0976563
50,50.9492,-0.0976563
50,50.9492,-0.109375
50,50.9219,-0.09375
50,50.9102,-0.101563
50,50.8984,-0.101563
50,50.8867,-0.101563
50,50.875,-0.101563
50,50.8594,-0.101563
50,50.8477,-0.101563
50,50.8359,-0.101563
50,50.8242,-0.101563
50,50.8125,-0.101563
50,50.7969,-0.101563
50,50.7734,-0.09375
50,50.7617,-0.101563
50,50.75,-0.101563
50,50.75,-0.109375
50,50.7344,-0.101563
50,50.7227,-0.101563
50,50.7109,-0.101563
50,50.6992,-0.101563
50,50.6719,-0.09375
50,50.6602,-0.101563
50,50.6484,-0.101563
50,50.6484,-0.109375
50,50.625,-0.09375
50,50.6094,-0.101563
50,50.5977,-0.101563
50,50.5859,-0.0976563
50,50.5625,-0.0898438
50,50.5352,-0.0898438
50,50.5234,-0.0976563
50,50.5,-0.0859375
50,50.4844,-0.09375
50,50.4727,-0.09375
50,50.4492,-0.0859375
50,50.4375,-0.0898438
50,50.4219,-0.0898438
50,50.4102,-0.0898438
50,50.3984,-0.0898438
50,50.3984,-0.09375
50,50.3867,-0.0898438
50,50.375,-0.0859375
50,50.375,-0.09375
50,50.375,-0.09375
50,50.3594,-0.0898438
50,50.3594,-0.09375
50,50.3477,-0.0859375
50,50.3477,-0.09375
50,50.3477,-0.09375
50,50.3477,-0.0976563
50,50.3359,-0.0898438
50,50.3359,-0.0976563
50,50.3242,-0.0898438
50,50.3242,-0.09375
50,50.3242,-0.0976563
50,50.3242,-0.0976563
50,50.3125,-0.0898438
50,50.3125,-0.0976563
50,50.3125,-0.0976563
50,50.2969,-0.0898438
50,50.2969,-0.0976563
50,50.2969,-0.0976563
50,50.2969,-0.0976563
50,50.2969,-0.0976563
50,50.2852,-0.0898438
50,50.2852,-0.0976563
50,50.2852,-0.0976563
50,50.2852,-0.0976563
50,50.2734,-0.09375
50,50.2734,-0.0976563
50,50.2734,-0.0976563
50,50.2734,-0.101563
50,50.2734,-0.101563
50,50.2617,-0.09375
50,50.2617,-0.101563
50,50.2617,-0.101563
50,50.2617,-0.101563
50,50.25,-0.09375
50,50.25,-0.101563
50,50.25,-0.101563
50,50.25,-0.101563
50,50.25,-0.101563
50,50.25,-0.101563
50,50.25,-0.105469
50,50.2344,-0.0976563
50,50.2344,-0.105469
50,50.2344,-0.105469
50,50.2344,-0.105469
50,50.2227,-0.0976563
50,50.2227,-0.105469
50,50.2227,-0.105469
50,50.2227,-0.105469
50,50.2109,-0.0976563
50,50.2109,-0.105469
50,50.2109,-0.105469
50,50.2109,-0.105469
50,50.2109,-0.105469
50,50.1992,-0.0976563
50,50.1992,-0.105469
50,50.1992,-0.105469
50,50.1992,-0.105469
50,50.1992,-0.109375
50,50.1875,-0.101563
50,50.1875,-0.109375
50,50.1875,-0.109375
50,50.1875,-0.109375
50,50.1875,-0.109375
50,50.1875,-0.109375
50,50.1719,-0.101563
50,50.1719,-0.109375
50,50.1719,-0.109375
50,50.1719,-0.109375
50,50.1719,-0.109375
50,50.1719,-0.109375
50,50.1719,-0.113281
50,50.1602,-0.105469
50,50.1602,-0.109375
50,50.1602,-0.113281
50,50.1602,-0.113281
50,50.1602,-0.113281
50,50.1602,-0.113281
50,50.1484,-0.105469
50,50.1484,-0.113281
50,50.1484,-0.113281
50,50.1484,-0.113281
50,50.1484,-0.113281
50,50.1484,-0.113281
50,50.1484,-0.117188
50,50.1484,-0.117188
50,50.1484,-0.117188
50,50.1484,-0.117188
50,50.1484,-0.117188
50,50.1367,-0.109375
50,50.1367,-0.117188
50,50.1367,-0.117188
50,50.1367,-0.117188
50,50.1367,-0.117188
50,50.125,-0.109375
50,50.125,-0.117188
50,50.125,-0.117188
50,50.125,-0.117188
50,50.125,-0.121094
50,50.125,-0.121094
50,50.125,-0.121094
50,50.1094,-0.113281
50,50.1094,-0.121094
50,50.1094,-0.121094
50,50.1094,-0.121094
50,50.1094,-0.121094
50,50.0977,-0.113281
50,50.0977,-0.121094
50,50.0977,-0.121094
50,50.0977,-0.121094
50,50.0977,-0.121094
50,50.0977,-0.121094
50,50.0977,-0.121094
50,50.0977,-0.125
50,50.0977,-0.125
50,50.0977,-0.125
50,50.0977,-0.125
50,50.0977,-0.125
50,50.0977,-0.125
50,50.0859,-0.117188
50,50.0859,-0.125
50,50.0859,-0.125
50,50.0859,-0.125
50,50.0859,-0.125
50,50.0859,-0.125
50,50.0859,-0.128906
50,50.0859,-0.128906
50,50.0859,-0.128906
50,50.0859,-0.128906
50,50.0859,-0.128906
50,50.0859,-0.128906
50,50.0859,-0.128906
50,50.0742,-0.121094
50,50.0742,-0.128906
50,50.0742,-0.128906
50,50.0742,-0.128906
50,50.0742,-0.128906
50,50.0742,-0.132813
50,50.0742,-0.132813
50,50.0625,-0.125
50,50.0625,-0.128906
50,50.0625,-0.132813
50,50.0625,-0.132813
50,50.0469,-0.125
50,50.0469,-0.132813
50,50.0469,-0.132813
50,50.0469,-0.132813
50,50.0469,-0.132813
50,50.0352,-0.125
50,50.0352,-0.132813
50,50.0352,-0.132813
50,50.0352,-0.132813
50,50.0352,-0.132813
50,50.0352,-0.132813
50,50.0352,-0.132813
50,50.0234,-0.125
50,50.0234,-0.132813
50,50.0234,-0.132813
50,50.0234,-0.132813
50,50.0234,-0.132813
50,50.0234,-0.132813
50,50.0234,-0.132813
50,50.0234,-0.132813
50,50.0234,-0.132813
50,50.0234,-0.132813
50,50.0234,-0.132813
50,50.0234,-0.136719
50,50.0234,-0.136719
50,50.0234,-0.136719
50,50.0234,-0.136719
50,50.0234,-0.136719
50,50.0234,-0.136719
50,50.0117,-0.128906
50,50.0117,-0.136719
50,50.0117,-0.136719
50,50.0117,-0.136719
50,50.0117,-0.136719
50,50.0117,-0.136719
50,50,-0.128906
50,50,-0.136719
50,50,-0.136719
50,50,-0.136719
50,50,-0.136719
50,50,-0.136719
50,50,-0.136719
50,50,-0.136719
50,50,-0.136719
50,50,-0.136719
50,50,-0.136719
50,49.9844,-0.128906
50,49.9844,-0.136719
50,49.9844,-0.136719
50,49.9844,-0.136719
50,49.9844,-0.136719
50,49.9844,-0.136719
50,49.9844,-0.136719
50,49.9844,-0.136719
50,49.9844,-0.136719
50,49.9844,-0.136719
50,49.9844,-0.136719
50,49.9844,-0.136719
50,49.9844,-0.136719
50,49.9727,-0.128906
50,49.9727,-0.136719
50,49.9727,-0.136719
50,49.9727,-0.136719
50,49.9727,-0.136719
50,49.9727,-0.136719
50,49.9727,-0.136719
50,49.9727,-0.136719
50,49.9727,-0.136719
50,49.9727,-0.136719
50,49.9727,-0.136719
50,49.9727,-0.136719
50,49.9727,-0.136719
50,49.9727,-0.136719
50,49.9727,-0.140625
50,49.9727,-0.140625
50,49.9727,-0.140625
50,49.9727,-0.140625
50,49.9727,-0.140625
50,49.9727,-0.140625
50,49.9727,-0.140625
50,49.9727,-0.140625
50,49.9609,-0.132813
50,49.9609,-0.136719
50,49.9609,-0.136719
50,49.9609,-0.136719
50,49.9609,-0.136719
50,49.9609,-0.136719
50,49.9492,-0.128906
50,49.9492,-0.136719
50,49.9492,-0.136719
50,49.9492,-0.136719
50,49.9492,-0.136719
50,49.9492,-0.136719
50,49.9492,-0.136719
50,49.9492,-0.136719
50,49.9492,-0.136719
50,49.9492,-0.136719
50,49.9492,-0.136719
50,49.9492,-0.136719
50,49.9492,-0.136719
50,49.9492,-0.136719
50,49.9492,-0.136719
50,49.9492,-0.136719
50,49.9492,-0.136719
50,49.9492,-0.136719
50,49.9492,-0.136719
50,49.9375,-0.128906
50,49.9375,-0.136719
50,49.9375,-0.136719
50,49.9375,-0.136719
50,49.9375,-0.136719
50,49.9375,-0.136719
50,49.9375,-0.136719
50,49.9375,-0.136719
50,49.9375,-0.136719
50,49.9375,-0.136719
50,49.9375,-0.136719
50,49.9375,-0.136719
50,49.9375,-0.132813
50,49.9375,-0.132813
50,49.9375,-0.132813
50,49.9375,-0.132813
50,49.9375,-0.132813
50,49.9375,-0.132813
50,49.9375,-0.132813
50,49.9375,-0.132813
50,49.9375,-0.132813
50,49.9375,-0.132813
50,49.9375,-0.132813
50,49.9375,-0.132813
50,49.9375,-0.132813
50,49.9375,-0.132813
50,49.9375,-0.132813
50,49.9375,-0.132813
50,49.9375,-0.132813
50,49.9375,-0.132813
50,49.9375,-0.132813
50,49.9375,-0.132813
50,49.9375,-0.132813
50,49.9375,-0.132813
50,49.9375,-0.132813
50,49.9375,-0.132813
50,49.9375,-0.132813
50,49.9375,-0.132813
50,49.9375,-0.132813
50,49.9375,-0.132813
50,49.9375,-0.132813
50,49.9375,-0.132813
50,49.9375,-0.132813
50,49.9375,-0.132813
50,49.9375,-0.128906
50,49.9375,-0.128906
50,49.9375,-0.128906
50,49.9375,-0.128906
50,49.9375,-0.128906
50,49.9375,-0.128906
50,49.9375,-0.128906
50,49.9375,-0.128906
50,49.9375,-0.128906
50,49.9375,-0.128906
50,49.9375,-0.128906
50,49.9375,-0.128906
50,49.9375,-0.128906
50,49.9375,-0.128906
50,49.9375,-0.128906
50,49.9375,-0.128906
50,49.9375,-0.128906
50,49.9375,-0.128906
50,49.9375,-0.128906
50,49.9375,-0.128906
50,49.9375,-0.128906
50,49.9375,-0.128906
50,49.9375,-0.128906
50,49.9375,-0.125
50,49.9375,-0.125
50,49.9375,-0.125
50,49.9375,-0.125
50,49.9375,-0.125
50,49.9375,-0.125
50,49.9375,-0.125
50,49.9375,-0.125
50,49.9375,-0.125
50,49.9375,-0.125
50,49.9375,-0.125
50,49.9375,-0.125
50,49.9375,-0.125
50,49.9375,-0.125
50,49.9375,-0.125
50,49.9375,-0.125
50,49.9375,-0.125
50,49.9375,-0.125
50,49.9375,-0.121094
50,49.9375,-0.121094
50,49.9375,-0.121094
50,49.9375,-0.121094
50,49.9375,-0.121094
50,49.9375,-0.121094
50,49.9375,-0.121094
50,49.9375,-0.121094
50,49.9375,-0.121094
50,49.9375,-0.121094
50,49.9375,-0.121094
50,49.9375,-0.121094
50,49.9375,-0.121094
50,49.9375,-0.121094
50,49.9375,-0.121094
50,49.9375,-0.121094
50,49.9375,-0.117188
50,49.9375,-0.117188
50,49.9375,-0.117188
50,49.9375,-0.117188
50,49.9375,-0.117188
50,49.9375,-0.117188
50,49.9375,-0.117188
50,49.9375,-0.117188
50,49.9375,-0.117188
50,49.9375,-0.117188
50,49.9375,-0.117188
50,49.9375,-0.117188
50,49.9375,-0.117188
50,49.9375,-0.117188
50,49.9375,-0.113281
50,49.9375,-0.113281
50,49.9375,-0.113281
50,49.9375,-0.113281
50,49.9375,-0.113281
50,49.9375,-0.113281
50,49.9375,-0.113281
50,49.9375,-0.113281
50,49.9375,-0.113281
50,49.9375,-0.113281
50,49.9375,-0.113281
50,49.9375,-0.113281
50,49.9375,-0.109375
50,49.9375,-0.109375
50,49.9375,-0.109375
50,49.9375,-0.109375
50,49.9375,-0.109375
50,49.9375,-0.109375
50,49.9375,-0.109375
50,49.9375,-0.109375
50,49.9375,-0.109375
50,49.9375,-0.109375
50,49.9375,-0.109375
50,49.9375,-0.109375
50,49.9375,-0.105469
50,49.9375,-0.105469
50,49.9375,-0.105469
50,49.9375,-0.105469
50,49.9375,-0.105469
50,49.9375,-0.105469
50,49.9375,-0.105469
50,49.9375,-0.105469
50,49.9375,-0.105469
50,49.9375,-0.105469
50,49.9375,-0.105469
50,49.9375,-0.101563
50,49.9375,-0.101563
50,49.9375,-0.101563
50,49.9375,-0.101563
50,49.9375,-0.101563
50,49.9375,-0.101563
50,49.9375,-0.101563
50,49.9375,-0.101563
50,49.9375,-0.101563
50,49.9375,-0.101563
50,49.9375,-0.101563
50,49.9375,-0.0976563
50,49.9375,-0.0976563
50,49.9375,-0.0976563
50,49.9375,-0.0976563
50,49.9375,-0.0976563
50,49.9375,-0.0976563
50,49.9375,-0.0976563
50,49.9375,-0.0976563
50,49.9375,-0.0976563
50,49.9375,-0.09375
50,49.9375,-0.09375
50,49.9375,-0.09375
50,49.9375,-0.09375
50,49.9375,-0.09375
50,49.9375,-0.09375
50,49.9375,-0.09375
50,49.9375,-0.09375
50,49.9375,-0.09375
50,49.9375,-0.09375
50,49.9375,-0.0898438
50,49.9375,-0.0898438
50,49.9375,-0.0898438
50,49.9375,-0.0898438
50,49.9375,-0.0898438
50,49.9375,-0.0898438
50,49.9375,-0.0898438
50,49.9375,-0.0898438
50,49.9375,-0.0898438
50,49.9375,-0.0859375
50,49.9375,-0.0859375
50,49.9375,-0.0859375
50,49.9375,-0.0859375
50,49.9375,-0.0859375
50,49.9375,-0.0859375
50,49.9375,-0.0859375
50,49.9375,-0.0859375
50,49.9375,-0.0859375
50,49.9375,-0.0820313
50,49.9375,-0.0820313
50,49.9375,-0.0820313
50,49.9375,-0.0820313
50,49.9375,-0.0820313
50,49.9375,-0.0820313
50,49.9375,-0.0820313
50,49.9375,-0.0820313
50,49.9375,-0.078125
50,49.9375,-0.078125
50,49.9375,-0.078125
50,49.9375,-0.078125
50,49.9375,-0.078125
50,49.9375,-0.078125
50,49.9375,-0.078125
50,49.9375,-0.078125
50,49.9375,-0.0742188
50,49.9375,-0.0742188
50,49.9375,-0.0742188
50,49.9375,-0.0742188
50,49.9375,-0.0742188
50,49.9375,-0.0742188
50,49.9375,-0.0742188
50,49.9375,-0.0742188
50,49.9375,-0.0703125
50,49.9375,-0.0703125
50,49.9375,-0.0703125
50,49.9375,-0.0703125
50,49.9375,-0.0703125
50,49.9375,-0.0703125
50,49.9375,-0.0703125
50,49.9375,-0.0664063
50,49.9375,-0.0664063
50,49.9375,-0.0664063
0,49.9375,-0.0664063
0,49.9375,-0.238281
0,49.8984,-0.386719
0,49.6992,-0.457031
0,49.1484,-0.390625
0,48.2617,-0.292969
0,47.2617,-0.296875
0,46.2617,-0.359375
0,45.1992,-0.378906
0,44.0469,-0.375
0,42.8242,-0.363281
0,41.5234,-0.34375
0,40.1719,-0.328125
0,38.8125,-0.328125
0,37.5,-0.359375
0,36.1602,-0.351563
0,34.8125,-0.339844
0,33.4102,-0.300781
0,32.0234,-0.292969
0,30.6875,-0.308594
0,29.3867,-0.3125
0,28.125,-0.320313
0,26.8477,-0.300781
0,25.5977,-0.292969
0,24.375,-0.289063
0,23.1484,-0.269531
0,21.9492,-0.261719
0,20.7969,-0.265625
0,19.7109,-0.28125
0,18.6484,-0.277344
0,17.5859,-0.257813
0,16.5469,-0.253906
0,15.5117,-0.230469
0,14.5,-0.21875
0,13.5352,-0.226563
0,12.5977,-0.21875
0,11.7227,-0.234375
0,10.8984,-0.246094
0,10.0742,-0.230469
0,9.23438,-0.203125
0,8.4375,-0.207031
0,7.69922,-0.222656
0,6.94922,-0.199219
0,6.19922,-0.179688
0,5.48438,-0.183594
0,4.79688,-0.179688
0,4.125,-0.167969
0,3.48438,-0.167969
0,2.91016,-0.191406
0,2.375,-0.199219
0,1.875,-0.214844
0,1.375,-0.207031
0,0.8125,-0.15625
0,0.273438,-0.152344
0,-0.234375,-0.152344
0,-0.699219,-0.164063
0,-1.125,-0.175781
0,-1.57422,-0.148438
0,-2.0625,-0.113281
0,-2.51172,-0.113281
0,-2.91016,-0.128906
0,-3.28516,-0.128906
0,-3.625,-0.140625
0,-3.96094,-0.132813
0,-4.25,-0.152344
0,-4.53516,-0.144531
0,-4.84766,-0.121094
0,-5.17188,-0.101563
0,-5.4375,-0.128906
0,-5.63672,-0.160156
0,-5.82422,-0.164063
0,-6.02344,-0.15625
0,-6.22266,-0.152344
0,-6.4375,-0.136719
0,-6.63672,-0.136719
0,-6.8125,-0.148438
0,-6.97266,-0.148438
0,-7.125,-0.152344
0,-7.33594,-0.109375
0,-7.59766,-0.0664063
0,-7.84766,-0.0585938
0,-8.0625,-0.0625
0,-8.19922,-0.0976563
0,-8.27344,-0.128906
0,-8.33594,-0.136719
0,-8.41016,-0.128906
0,-8.5,-0.117188
0,-8.59766,-0.105469
0,-8.69922,-0.101563
0,-8.78516,-0.101563
0,-8.85938,-0.105469
0,-8.92188,-0.109375
0,-8.97266,-0.113281
0,-9.02344,-0.109375
0,-9.07422,-0.105469
0,-9.09766,-0.117188
0,-9.13672,-0.109375
0,-9.16016,-0.113281
0,-9.1875,-0.109375
0,-9.21094,-0.109375
0,-9.22266,-0.113281
0,-9.25,-0.105469
0,-9.25,-0.117188
0,-9.26172,-0.105469
0,-9.27344,-0.105469
0,-9.28516,-0.101563
0,-9.28516,-0.105469
0,-9.28516,-0.101563
0,-9.28516,-0.0976563
0,-9.28516,-0.0976563
0,-9.28516,-0.09375
0,-9.28516,-0.0898438
0,-9.28516,-0.0859375
0,-9.28516,-0.0820313
0,-9.28516,-0.078125
0,-9.28516,-0.0703125
0,-9.28516,-0.0664063
0,-9.28516,-0.0625
0,-9.28516,-0.0546875
0,-9.28516,-0.0507813
0,-9.28516,-0.0429688
0,-9.28516,-0.0351563
0,-9.28516,-0.0273438
0,-9.28516,-0.0234375
0,-9.28516,-0.015625
0,-9.28516,-0.0078125
0,-9.28516,0
0,-9.28516,0.0078125
0,-9.28516,0.015625
0,-9.28516,0.0234375
0,-9.28516,0.0351563
0,-9.28516,0.0429688
0,-9.28516,0.0546875
0,-9.28516,0.0625
0,-9.28516,0.0742188
0,-9.27344,0.078125
0,-9.27344,0.09375
0,-9.25,0.0898438
0,-9.19922,0.0859375
0,-9.13672,0.0820313
0,-9.07422,0.0859375
0,-9.01172,0.09375
0,-8.94922,0.0976563
0,-8.88672,0.101563
0,-8.82422,0.109375
0,-8.76172,0.113281
0,-8.67188,0.101563
0,-8.59766,0.113281
0,-8.53516,0.125
0,-8.46094,0.121094
0,-8.38672,0.125
0,-8.29688,0.121094
0,-8.1875,0.109375
0,-8.04688,0.09375
0,-7.91016,0.0898438
0,-7.78516,0.09375
0,-7.69922,0.117188
0,-7.64844,0.140625
0,-7.625,0.164063
0,-7.58594,0.164063
0,-7.54688,0.171875
0,-7.5,0.171875
0,-7.4375,0.171875
0,-7.38672,0.183594
0,-7.32422,0.183594
0,-7.26172,0.1875
0,-7.17188,0.179688
0,-7.07422,0.171875
0,-6.91016,0.136719
0,-6.69922,0.0976563
0,-6.46094,0.0703125
0,-6.25,0.0703125
0,-6.0625,0.0703125
0,-5.89844,0.0742188
0,-5.78516,0.0976563
0,-5.6875,0.101563
0,-5.60938,0.117188
0,-5.53516,0.117188
0,-5.44922,0.109375
0,-5.34766,0.101563
0,-5.25,0.0976563
0,-5.14844,0.0976563
0,-5.04688,0.09375
0,-4.97266,0.105469
0,-4.91016,0.113281
0,-4.875,0.128906
0,-4.84766,0.140625
0,-4.83594,0.152344
0,-4.8125,0.152344
0,-4.78516,0.15625
0,-4.75,0.15625
0,-4.71094,0.160156
0,-4.67188,0.164063
0,-4.625,0.160156
0,-4.57422,0.164063
0,-4.53516,0.171875
0,-4.5,0.175781
0,-4.44922,0.171875
0,-4.375,0.160156
0,-4.27344,0.144531
0,-4.14844,0.125
0,-3.98438,0.0976563
0,-3.8125,0.078125
0,-3.67188,0.0898438
0,-3.5625,0.09375
0,-3.48438,0.113281
0,-3.42188,0.117188
0,-3.375,0.125
0,-3.29688,0.109375
0,-3.23438,0.113281
0,-3.16016,0.105469
0,-3.09766,0.109375
0,-3.03516,0.109375
0,-2.97266,0.105469
0,-2.92188,0.113281
0,-2.88672,0.121094
0,-2.84766,0.121094
0,-2.79688,0.113281
0,-2.75,0.113281
0,-2.69922,0.109375
0,-2.67188,0.125
0,-2.63672,0.121094
0,-2.59766,0.121094
0,-2.57422,0.128906
0,-2.54688,0.128906
0,-2.51172,0.125
0,-2.47266,0.125
0,-2.4375,0.125
0,-2.39844,0.125
0,-2.34766,0.117188
0,-2.29688,0.117188
0,-2.25,0.113281
0,-2.19922,0.113281
0,-2.125,0.09375
0,-2.0625,0.0976563
0,-2,0.09375
0,-1.9375,0.09375
0,-1.875,0.0898438
0,-1.83594,0.101563
0,-1.82422,0.113281
0,-1.82422,0.125
0,-1.8125,0.121094
0,-1.79688,0.121094
0,-1.79688,0.132813
0,-1.78516,0.125
0,-1.77344,0.128906
0,-1.76172,0.128906
0,-1.75,0.132813
0,-1.72266,0.125
0,-1.71094,0.132813
0,-1.69922,0.136719
0,-1.69922,0.144531
0,-1.6875,0.140625
0,-1.67188,0.144531
0,-1.66016,0.144531
0,-1.64844,0.148438
0,-1.63672,0.148438
0,-1.625,0.152344
0,-1.60938,0.152344
0,-1.58594,0.148438
0,-1.57422,0.15625
0,-1.5625,0.160156
0,-1.5625,0.167969
0,-1.54688,0.164063
0,-1.53516,0.164063
0,-1.52344,0.167969
0,-1.51172,0.167969
0,-1.5,0.171875
0,-1.48438,0.175781
0,-1.48438,0.183594
0,-1.47266,0.179688
0,-1.46094,0.183594
0,-1.4375,0.175781
0,-1.41016,0.175781
0,-1.39844,0.183594
0,-1.38672,0.1875
0,-1.35938,0.183594
0,-1.33594,0.183594
0,-1.3125,0.183594
0,-1.27344,0.175781
0,-1.25,0.183594
0,-1.21094,0.175781
0,-1.17188,0.175781
0,-1.125,0.164063
0,-1.0625,0.15625
0,-0.972656,0.132813
0,-0.847656,0.105469
0,-0.699219,0.078125
0,-0.546875,0.0625
0,-0.4375,0.0703125
0,-0.347656,0.0742188
0,-0.285156,0.078125
0,-0.25,0.0898438
0,-0.234375,0.101563
0,-0.222656,0.0976563
0,-0.210938,0.0976563
0,-0.199219,0.0976563
0,-0.199219,0.101563
0,-0.1875,0.09375
0,-0.1875,0.101563
0,-0.1875,0.101563
0,-0.1875,0.101563
0,-0.171875,0.09375
0,-0.171875,0.0976563
0,-0.171875,0.0976563
0,-0.171875,0.0976563
0,-0.171875,0.0976563
0,-0.171875,0.0976563
0,-0.171875,0.0976563
0,-0.171875,0.0976563
0,-0.171875,0.0976563
0,-0.171875,0.0976563
0,-0.171875,0.0976563
0,-0.160156,0.0898438
0,-0.160156,0.0976563
0,-0.160156,0.0976563
0,-0.160156,0.0976563
0,-0.160156,0.0976563
0,-0.160156,0.0976563
0,-0.160156,0.0976563
0,-0.160156,0.0976563
0,-0.160156,0.0976563
0,-0.160156,0.0976563
0,-0.160156,0.0976563
0,-0.160156,0.0976563
0,-0.160156,0.0976563
0,-0.160156,0.0976563
0,-0.160156,0.0976563
0,-0.160156,0.0976563
0,-0.160156,0.0976563
0,-0.160156,0.0976563
0,-0.160156,0.0976563
0,-0.160156,0.0976563
0,-0.160156,0.0976563
0,-0.160156,0.0976563
0,-0.160156,0.0976563
0,-0.160156,0.0976563
0,-0.160156,0.0976563
0,-0.160156,0.0976563
0,-0.160156,0.0976563
0,-0.160156,0.0976563
0,-0.160156,0.0976563
0,-0.160156,0.0976563
0,-0.160156,0.0976563
0,-0.160156,0.0976563
0,-0.160156,0.0976563
0,-0.160156,0.0976563
0,-0.160156,0.0976563
0,-0.160156,0.0976563
0,-0.160156,0.0976563
0,-0.160156,0.0976563
0,-0.160156,0.0976563
0,-0.160156,0.0976563
0,-0.160156,0.0976563
0,-0.160156,0.0976563
0,-0.160156,0.0976563
0,-0.160156,0.0976563
0,-0.160156,0.0976563
0,-0.160156,0.0976563
0,-0.160156,0.0976563
0,-0.160156,0.0976563
0,-0.160156,0.0976563
0,-0.160156,0.0976563
0,-0.160156,0.0976563
0,-0.160156,0.0976563
0,-0.160156,0.0976563
0,-0.160156,0.0976563
0,-0.160156,0.0976563
0,-0.160156,0.0976563
0,-0.160156,0.0976563
0,-0.160156,0.101563
0,-0.160156,0.101563
0,-0.160156,0.101563
0,-0.160156,0.101563
0,-0.160156,0.101563
0,-0.160156,0.101563
0,-0.160156,0.101563
0,-0.160156,0.101563
0,-0.160156,0.101563
0,-0.160156,0.101563
0,-0.160156,0.101563
0,-0.160156,0.101563
0,-0.160156,0.101563
0,-0.160156,0.101563
0,-0.160156,0.101563
0,-0.160156,0.101563
0,-0.160156,0.105469
0,-0.160156,0.105469
0,-0.160156,0.105469
0,-0.160156,0.105469
0,-0.160156,0.105469
0,-0.160156,0.105469
0,-0.160156,0.105469
0,-0.160156,0.105469
0,-0.160156,0.105469
0,-0.160156,0.105469
0,-0.160156,0.105469
0,-0.160156,0.105469
0,-0.160156,0.105469
0,-0.160156,0.109375
0,-0.160156,0.109375
0,-0.160156,0.109375
0,-0.148438,0.101563
0,-0.148438,0.109375
0,-0.148438,0.109375
0,-0.148438,0.109375
0,-0.148438,0.109375
0,-0.148438,0.109375
0,-0.148438,0.109375
0,-0.148438,0.109375
0,-0.136719,0.101563
0,-0.136719,0.109375
0,-0.136719,0.109375
0,-0.136719,0.109375
0,-0.125,0.101563
0,-0.125,0.109375
0,-0.125,0.109375
0,-0.125,0.109375
0,-0.125,0.109375
0,-0.109375,0.101563
0,-0.109375,0.109375
0,-0.109375,0.109375
0,-0.109375,0.109375
0,-0.0976563,0.101563
0,-0.0976563,0.109375
0,-0.0976563,0.109375
0,-0.0976563,0.109375
0,-0.0976563,0.109375
0,-0.0976563,0.109375
0,-0.0976563,0.109375
0,-0.0976563,0.109375
0,-0.0859375,0.101563
0,-0.0859375,0.109375
0,-0.0859375,0.109375
0,-0.0859375,0.109375
0,-0.0859375,0.109375
0,-0.0742188,0.101563
0,-0.0742188,0.109375
0,-0.0742188,0.109375
0,-0.0742188,0.109375
0,-0.0742188,0.109375
0,-0.0742188,0.109375
0,-0.0742188,0.109375
0,-0.0625,0.101563
0,-0.0625,0.109375
0,-0.0625,0.109375
0,-0.0625,0.109375
0,-0.0625,0.109375
0,-0.0625,0.109375
0,-0.0625,0.109375
0,-0.046875,0.101563
0,-0.046875,0.109375
0,-0.046875,0.109375
0,-0.046875,0.109375
0,-0.046875,0.109375
0,-0.046875,0.109375
0,-0.046875,0.109375
0,-0.046875,0.109375
0,-0.046875,0.109375
0,-0.046875,0.109375
0,-0.046875,0.109375
0,-0.046875,0.109375
0,-0.0351563,0.101563
0,-0.0351563,0.109375
0,-0.0351563,0.109375
0,-0.0351563,0.109375
0,-0.0351563,0.109375
0,-0.0351563,0.109375
0,-0.0351563,0.109375
0,-0.0351563,0.109375
0,-0.0234375,0.101563
0,-0.0234375,0.109375
0,-0.0234375,0.109375
0,-0.0234375,0.109375
0,-0.0234375,0.109375
0,-0.0234375,0.109375
0,-0.0234375,0.109375
0,-0.0234375,0.109375
0,-0.0234375,0.109375
0,-0.0234375,0.109375
0,-0.0234375,0.109375
0,-0.0117188,0.101563
0,-0.0117188,0.109375
0,-0.0117188,0.109375
0,-0.0117188,0.109375
0,-0.0117188,0.109375
0,-0.0117188,0.109375
0,-0.0117188,0.109375
0,-0.0117188,0.109375
0,-0.0117188,0.109375
0,-0.0117188,0.109375
0,0,0.101563
0,0,0.109375
0,0,0.109375
0,0,0.109375
0,0,0.109375
0,0,0.109375
0,0,0.109375
0,0,0.109375
0,0,0.109375
0,0,0.109375
0,0,0.109375
0,0,0.109375
0,0,0.109375
0,0,0.109375
0,0,0.109375
0,0,0.109375
0,0,0.109375
0,0,0.109375
0,0,0.109375
0,0,0.109375
0,0,0.109375
0,0,0.109375
0,0,0.109375
0,0,0.109375
0,0,0.109375
0,0,0.109375
0,0,0.109375
0,0,0.109375
0,0,0.109375
0,0,0.109375
0,0,0.109375
0,0,0.109375
0,0,0.109375
0,0,0.109375
0,0,0.109375
0,0,0.109375
0,0,0.109375
0,0,0.109375
0,0,0.109375
0,0,0.109375
0,0,0.109375
0,0,0.109375
0,0,0.109375
0,0,0.109375
0,0,0.109375
0,0,0.109375
0,0,0.109375
0,0,0.109375
0,0,0.109375
0,0.0117188,0.101563
0,0.0117188,0.105469
0,0.0117188,0.105469
0,0.0117188,0.105469
0,0.0117188,0.105469
0,0.0117188,0.105469
0,0.0117188,0.105469
0,0.0117188,0.105469
0,0.0117188,0.105469
0,0.0117188,0.105469
0,0.0117188,0.105469
0,0.0117188,0.105469
0,0.0117188,0.105469
0,0.0117188,0.105469
0,0.0117188,0.105469
0,0.0117188,0.105469
0,0.0117188,0.105469
0,0.0117188,0.105469
0,0.0117188,0.105469
0,0.0117188,0.105469
0,0.0117188,0.105469
0,0.0117188,0.105469
0,0.0117188,0.105469
0,0.0117188,0.105469
0,0.0117188,0.105469
0,0.0117188,0.105469
0,0.0117188,0.105469
0,0.0117188,0.105469
0,0.0117188,0.105469
0,0.0117188,0.105469
0,0.0117188,0.105469
0,0.0117188,0.105469
0,0.0117188,0.105469
0,0.0117188,0.105469
0,0.0117188,0.105469
0,0.0117188,0.105469
0,0.0117188,0.105469
0,0.0117188,0.105469
0,0.0117188,0.105469
0,0.0117188,0.105469
0,0.0117188,0.105469
0,0.0117188,0.105469
0,0.0117188,0.105469
0,0.0117188,0.105469
0,0.0117188,0.105469
0,0.0117188,0.105469
0,0.0117188,0.105469
0,0.0117188,0.105469
0,0.0117188,0.105469
0,0.0117188,0.105469
0,0.0117188,0.105469
0,0.0117188,0.105469
0,0.0117188,0.105469
0,0.0117188,0.105469
0,0.0117188,0.105469
0,0.0117188,0.105469
0,0.0117188,0.105469
0,0.0117188,0.105469
0,0.0117188,0.105469
0,0.0117188,0.105469
